timestamp,corpus_size,test_size,decomposition_size,cv,model_type,dataset,latent_r2_score,output_r2_score,sample_id,target,most_imp_corpus_id,most_imp_corpus_weight,most_imp_corpus_target,corpus_ids,corpus_weight,corpus_targets,
2024-02-25-21:39:14,100,10,3,0,ORIGINAL,MNIST,0.9046458438042224,0.9544566962727368,0,1,90,0.50209606,1,"[90, 99, 32]","[0.50209606, 0.3406509, 0.15299869]","[1, 1, 6]",No visualization
2024-02-25-21:39:17,100,10,3,0,REIMPLEMENTED,MNIST,0.8889633485184092,0.9315005933455517,0,1,90,0.4830423,1,"[90, 99, 32]","[0.4830423, 0.30393866, 0.13713576]","[1, 1, 6]",No visualization
2024-02-25-21:40:33,100,10,3,0,ORIGINAL,CaD,0.11567572433810355,0.806466792143626,0,1,6,0.645107,1,"[6, 63, 42]","[0.645107, 0.21821596, 0.13553691]","[1, 1, 1]",No visualization
2024-02-25-21:41:52,100,10,3,0,REIMPLEMENTED,CaD,0.6194802011495563,0.7142836709841642,0,1,6,0.3144182,1,"[6, 63, 53]","[0.3144182, 0.19007395, 0.105538554]","[1, 1, 0]",No visualization
2024-02-25-21:41:59,100,10,3,0,ORIGINAL,Heart,0.736034474748325,0.431944279038453,0,0,85,0.82983685,0,"[85, 69, 43]","[0.82983685, 0.16932473, 0.00076407037]","[0, 0, 0]",No visualization
2024-02-25-21:42:03,100,10,3,0,REIMPLEMENTED,Heart,-0.851879340313296,-9.374238529797292,0,0,76,0.19050449,1,"[76, 0, 41]","[0.19050449, 0.13367698, 0.09154981]","[1, 0, 0]",No visualization
2024-02-25-21:42:44,100,10,3,0,ORIGINAL,MNIST_MakeCorpus,0.9324513887201131,0.9661526695492876,0,1,41,0.65480006,1,"[41, 11, 45]","[0.65480006, 0.23906668, 0.10258109]","[1, 1, 1]",No visualization
2024-02-25-21:43:17,100,10,3,0,REIMPLEMENTED,MNIST_MakeCorpus,0.8931916746274473,0.9342282742502726,0,1,41,0.6249591,1,"[41, 11, 57]","[0.6249591, 0.20003344, 0.09201906]","[1, 1, 1]",No visualization
2024-02-25-21:43:25,100,10,3,1,ORIGINAL,MNIST,0.9435196855185041,0.9684744396591658,0,1,10,0.49263585,1,"[10, 49, 63]","[0.49263585, 0.3157699, 0.1873]","[1, 1, 1]",No visualization
2024-02-25-21:43:30,100,10,3,1,REIMPLEMENTED,MNIST,0.8141330912159122,0.8597672690614635,0,1,49,0.32960576,1,"[49, 10, 63]","[0.32960576, 0.32189018, 0.17381604]","[1, 1, 1]",No visualization
2024-02-25-21:44:51,100,10,3,1,ORIGINAL,CaD,0.7792134049389765,0.9283638361300377,0,1,42,0.3899554,1,"[42, 74, 89]","[0.3899554, 0.36556265, 0.24317549]","[1, 0, 0]",No visualization
2024-02-25-21:46:13,100,10,3,1,REIMPLEMENTED,CaD,0.7954084595843798,0.8567778845962698,0,1,42,0.333204,1,"[42, 74, 79]","[0.333204, 0.3080693, 0.09341377]","[1, 0, 1]",No visualization
2024-02-25-21:46:20,100,10,3,1,ORIGINAL,Heart,0.9152727164005318,0.44853600105306246,0,1,39,0.99886346,1,"[39, 48, 47]","[0.99886346, 0.00044181754, 0.000110515386]","[1, 0, 1]",No visualization
2024-02-25-21:46:23,100,10,3,1,REIMPLEMENTED,Heart,0.4057401346145186,-5.196460353134814,0,1,8,0.21897136,1,"[8, 95, 23]","[0.21897136, 0.1464893, 0.08471024]","[1, 0, 1]",No visualization
2024-02-25-21:47:08,100,10,3,1,ORIGINAL,MNIST_MakeCorpus,0.9208910751418284,0.9550169996483955,0,1,22,0.48060343,1,"[22, 13, 92]","[0.48060343, 0.28206682, 0.23425499]","[1, 6, 3]",No visualization
2024-02-25-21:47:42,100,10,3,1,REIMPLEMENTED,MNIST_MakeCorpus,0.875706797855945,0.9147329892652263,0,1,22,0.40654945,1,"[22, 13, 92]","[0.40654945, 0.20181155, 0.19570312]","[1, 6, 3]",No visualization
2024-02-25-21:47:49,100,10,3,2,ORIGINAL,MNIST,0.9154961962026966,0.9573266527221603,0,1,55,0.4908487,1,"[55, 90, 86]","[0.4908487, 0.4357947, 0.06834157]","[1, 1, 1]",No visualization
2024-02-25-21:47:53,100,10,3,2,REIMPLEMENTED,MNIST,0.8649936858560839,0.9067634461439699,0,1,55,0.36858937,1,"[55, 90, 86]","[0.36858937, 0.17836519, 0.1752175]","[1, 1, 1]",No visualization
2024-02-25-21:49:16,100,10,3,2,ORIGINAL,CaD,-7.364698528236512,0.937170597164912,0,1,71,0.43825522,1,"[71, 25, 14]","[0.43825522, 0.32720694, 0.22362721]","[1, 1, 1]",No visualization
2024-02-25-21:50:36,100,10,3,2,REIMPLEMENTED,CaD,-3.9854093557564836,0.8500246369164769,0,1,71,0.24702315,1,"[71, 25, 14]","[0.24702315, 0.17157249, 0.14506379]","[1, 1, 1]",No visualization
2024-02-25-21:50:43,100,10,3,2,ORIGINAL,Heart,0.970683995921893,0.8294441941187528,0,0,98,0.99473083,0,"[98, 5, 69]","[0.99473083, 0.0032381178, 0.0013841408]","[0, 0, 0]",No visualization
2024-02-25-21:50:47,100,10,3,2,REIMPLEMENTED,Heart,0.7768154584185231,0.3537969719854177,0,0,60,0.2985951,0,"[60, 45, 17]","[0.2985951, 0.21113856, 0.12298216]","[0, 0, 0]",No visualization
2024-02-25-21:51:29,100,10,3,2,ORIGINAL,MNIST_MakeCorpus,0.9177054944138564,0.9535112940214828,0,1,86,0.4718943,1,"[86, 39, 82]","[0.4718943, 0.3826449, 0.14208828]","[1, 1, 1]",No visualization
2024-02-25-21:52:04,100,10,3,2,REIMPLEMENTED,MNIST_MakeCorpus,0.8646794558706351,0.9072979559329573,0,1,82,0.29840022,1,"[82, 86, 39]","[0.29840022, 0.2975829, 0.28365192]","[1, 1, 1]",No visualization
2024-02-25-21:52:10,100,10,5,0,ORIGINAL,MNIST,0.9114690927055834,0.9559746919170389,0,1,90,0.4981264,1,"[90, 99, 32, 55, 29]","[0.4981264, 0.33804658, 0.15218446, 0.006174519, 0.002076972]","[1, 1, 6, 1, 1]",No visualization
2024-02-25-21:52:14,100,10,5,0,REIMPLEMENTED,MNIST,0.910977125293373,0.9544522412052642,0,1,90,0.4830423,1,"[90, 99, 32, 41, 55]","[0.4830423, 0.30393866, 0.13713576, 0.047263343, 0.009091639]","[1, 1, 6, 1, 1]",No visualization
2024-02-25-21:53:33,100,10,5,0,ORIGINAL,CaD,0.40580183253232405,0.9249563449169314,0,1,6,0.3961359,1,"[6, 63, 53, 42, 29]","[0.3961359, 0.19516751, 0.14959274, 0.13327679, 0.12507957]","[1, 1, 0, 1, 1]",No visualization
2024-02-25-21:54:46,100,10,5,0,REIMPLEMENTED,CaD,0.5799254486101308,0.8951538615287338,0,1,6,0.3144182,1,"[6, 63, 53, 42, 55]","[0.3144182, 0.19007395, 0.105538554, 0.08813473, 0.08184601]","[1, 1, 0, 1, 1]",No visualization
2024-02-25-21:54:53,100,10,5,0,ORIGINAL,Heart,0.8373546335478553,0.5511427858639222,0,0,77,0.83988774,1,"[77, 69, 53, 85, 43]","[0.83988774, 0.15947132, 0.0003029621, 0.00017367992, 0.000115757575]","[1, 0, 0, 0, 0]",No visualization
2024-02-25-21:54:57,100,10,5,0,REIMPLEMENTED,Heart,-0.2020651731064873,-5.857063283902746,0,0,76,0.19050449,1,"[76, 0, 41, 78, 54]","[0.19050449, 0.13367698, 0.09154981, 0.07311156, 0.03481047]","[1, 0, 0, 1, 0]",No visualization
2024-02-25-21:55:41,100,10,5,0,ORIGINAL,MNIST_MakeCorpus,0.940962074799997,0.973088285380836,0,1,41,0.6715457,1,"[41, 11, 57, 97, 45]","[0.6715457, 0.1644378, 0.10534613, 0.043718424, 0.012049655]","[1, 1, 1, 5, 1]",No visualization
2024-02-25-21:56:14,100,10,5,0,REIMPLEMENTED,MNIST_MakeCorpus,0.9357044354018356,0.9665910843646064,0,1,41,0.6249591,1,"[41, 11, 57, 97, 45]","[0.6249591, 0.20003344, 0.09201906, 0.023449559, 0.016953703]","[1, 1, 1, 5, 1]",No visualization
2024-02-25-21:56:20,100,10,5,1,ORIGINAL,MNIST,0.9528206567630089,0.9791982924070715,0,1,49,0.33964348,1,"[49, 10, 63, 76, 6]","[0.33964348, 0.32749218, 0.17204088, 0.15278338, 0.004550249]","[1, 1, 1, 1, 1]",No visualization
2024-02-25-21:56:24,100,10,5,1,REIMPLEMENTED,MNIST,0.9385573594486283,0.9675046334989332,0,1,49,0.32960576,1,"[49, 10, 63, 76, 67]","[0.32960576, 0.32189018, 0.17381604, 0.14790046, 0.0068373824]","[1, 1, 1, 1, 1]",No visualization
2024-02-25-21:57:44,100,10,5,1,ORIGINAL,CaD,0.7888321303537305,0.9391444820082014,0,1,42,0.32392415,1,"[42, 74, 89, 38, 75]","[0.32392415, 0.3081076, 0.175363, 0.15953839, 0.031925194]","[1, 0, 0, 1, 0]",No visualization
2024-02-25-21:59:01,100,10,5,1,REIMPLEMENTED,CaD,0.8087484040529374,0.9165668894785121,0,1,42,0.333204,1,"[42, 74, 79, 89, 38]","[0.333204, 0.3080693, 0.09341377, 0.09017781, 0.079119906]","[1, 0, 1, 0, 1]",No visualization
2024-02-25-21:59:07,100,10,5,1,ORIGINAL,Heart,0.9434315894074865,0.638767605298189,0,1,18,0.99732226,1,"[18, 39, 71, 48, 47]","[0.99732226, 0.0011284561, 0.000802621, 0.00018505406, 9.118514e-05]","[1, 1, 1, 0, 1]",No visualization
2024-02-25-21:59:11,100,10,5,1,REIMPLEMENTED,Heart,0.6080137873160425,-3.0437868612330408,0,1,8,0.21897136,1,"[8, 95, 23, 29, 84]","[0.21897136, 0.1464893, 0.08471024, 0.04234359, 0.03452503]","[1, 0, 1, 1, 1]",No visualization
2024-02-25-21:59:54,100,10,5,1,ORIGINAL,MNIST_MakeCorpus,0.9321939256820486,0.9647454199079419,0,1,22,0.3979782,1,"[22, 92, 13, 24, 27]","[0.3979782, 0.21670927, 0.2050998, 0.17581262, 0.0026646543]","[1, 3, 6, 4, 5]",No visualization
2024-02-25-22:00:27,100,10,5,1,REIMPLEMENTED,MNIST_MakeCorpus,0.9279721416500039,0.9577087300312629,0,1,22,0.40654945,1,"[22, 13, 92, 24, 40]","[0.40654945, 0.20181155, 0.19570312, 0.16631116, 0.018631935]","[1, 6, 3, 4, 7]",No visualization
2024-02-25-22:00:35,100,10,5,2,ORIGINAL,MNIST,0.9261561001701842,0.960597637271633,0,1,90,0.48421654,1,"[90, 55, 89, 86, 1]","[0.48421654, 0.36495847, 0.07581272, 0.06596228, 0.00449081]","[1, 1, 1, 1, 1]",No visualization
2024-02-25-22:00:40,100,10,5,2,REIMPLEMENTED,MNIST,0.9261165754097251,0.9584368977636537,0,1,55,0.36858937,1,"[55, 90, 86, 87, 89]","[0.36858937, 0.17836519, 0.1752175, 0.11378247, 0.035009623]","[1, 1, 1, 1, 1]",No visualization
2024-02-25-22:01:48,100,10,5,2,ORIGINAL,CaD,-4.388298634408221,0.8916505064125987,0,1,25,0.25665137,1,"[25, 71, 32, 14, 26]","[0.25665137, 0.2296615, 0.20931238, 0.1644688, 0.13746154]","[1, 1, 0, 1, 0]",No visualization
2024-02-25-22:03:01,100,10,5,2,REIMPLEMENTED,CaD,-4.086182160381871,0.882916791210057,0,1,71,0.24702315,1,"[71, 25, 14, 32, 0]","[0.24702315, 0.17157249, 0.14506379, 0.13390283, 0.085157014]","[1, 1, 1, 0, 1]",No visualization
2024-02-25-22:03:07,100,10,5,2,ORIGINAL,Heart,0.979029810098304,0.8578717383621625,0,0,17,0.96789795,0,"[17, 98, 27, 5, 69]","[0.96789795, 0.016810026, 0.012810091, 0.0011775267, 0.000747192]","[0, 0, 0, 0, 0]",No visualization
2024-02-25-22:03:11,100,10,5,2,REIMPLEMENTED,Heart,0.9017263011291217,0.678574309890398,0,0,60,0.2985951,0,"[60, 45, 17, 4, 98]","[0.2985951, 0.21113856, 0.12298216, 0.11335018, 0.045332324]","[0, 0, 0, 0, 0]",No visualization
2024-02-25-22:03:46,100,10,5,2,ORIGINAL,MNIST_MakeCorpus,0.9299696778471522,0.9621074958060196,0,1,82,0.30376604,1,"[82, 39, 86, 55, 59]","[0.30376604, 0.30310714, 0.28783175, 0.10134476, 0.0009997871]","[1, 1, 1, 1, 1]",No visualization
2024-02-25-22:04:16,100,10,5,2,REIMPLEMENTED,MNIST_MakeCorpus,0.9228480121644302,0.9526171025090273,0,1,82,0.29840022,1,"[82, 86, 39, 55, 40]","[0.29840022, 0.2975829, 0.28365192, 0.09530866, 0.006187445]","[1, 1, 1, 1, 5]",No visualization
2024-02-25-22:04:22,100,10,10,0,ORIGINAL,MNIST,0.9118454757178285,0.9578108890047276,0,1,90,0.4848566,1,"[90, 99, 32, 41, 55, 67, 29, 45, 11, 83]","[0.4848566, 0.31248575, 0.14216846, 0.042920616, 0.006788751, 0.0029110643, 0.0026449205, 0.0011369133, 0.001099515, 0.00070751976]","[1, 1, 6, 1, 1, 1, 1, 1, 1, 1]",No visualization
2024-02-25-22:04:26,100,10,10,0,REIMPLEMENTED,MNIST,0.9127112293146665,0.9590085693405008,0,1,90,0.4830423,1,"[90, 99, 32, 41, 55, 67, 29, 45, 11, 57]","[0.4830423, 0.30393866, 0.13713576, 0.047263343, 0.009091639, 0.0038814943, 0.003638044, 0.0015666301, 0.0014835823, 0.0014102475]","[1, 1, 6, 1, 1, 1, 1, 1, 1, 1]",No visualization
2024-02-25-22:05:34,100,10,10,0,ORIGINAL,CaD,0.47692717541326113,0.9353245955782739,0,1,6,0.31459847,1,"[6, 63, 53, 85, 29, 94, 55, 42, 43, 90]","[0.31459847, 0.19338101, 0.11065083, 0.087109596, 0.08286151, 0.08177139, 0.06891574, 0.05898679, 0.00060048694, 0.00051882764]","[1, 1, 0, 1, 1, 1, 1, 1, 1, 1]",No visualization
2024-02-25-22:06:54,100,10,10,0,REIMPLEMENTED,CaD,0.5182466218390539,0.9384093408387933,0,1,6,0.3144182,1,"[6, 63, 53, 42, 55, 29, 94, 85, 83, 26]","[0.3144182, 0.19007395, 0.105538554, 0.08813473, 0.08184601, 0.058543995, 0.05295997, 0.045966394, 0.04574415, 0.007839713]","[1, 1, 0, 1, 1, 1, 1, 1, 1, 1]",No visualization
2024-02-25-22:07:00,100,10,10,0,ORIGINAL,Heart,0.9466588207734257,0.8937522820960596,0,0,77,0.540775,1,"[77, 69, 76, 60, 71, 0, 85, 43, 18, 53]","[0.540775, 0.32523188, 0.13327344, 0.0001751805, 0.00013538863, 0.00010595425, 9.310539e-05, 7.888726e-05, 5.009929e-05, 3.984691e-05]","[1, 0, 1, 1, 1, 0, 0, 0, 1, 0]",No visualization
2024-02-25-22:07:04,100,10,10,0,REIMPLEMENTED,Heart,0.3650091937608979,-2.7036235728832207,0,0,76,0.19050449,1,"[76, 0, 41, 78, 54, 57, 29, 61, 11, 90]","[0.19050449, 0.13367698, 0.09154981, 0.07311156, 0.03481047, 0.019522445, 0.019212108, 0.015641343, 0.013952081, 0.013274162]","[1, 0, 0, 1, 0, 0, 0, 0, 0, 0]",No visualization
2024-02-25-22:07:42,100,10,10,0,ORIGINAL,MNIST_MakeCorpus,0.9427432722815864,0.9741296860846074,0,1,41,0.67180026,1,"[41, 11, 57, 97, 45, 23, 62, 78, 55, 59]","[0.67180026, 0.15464967, 0.10441682, 0.043731514, 0.011285504, 0.0052179685, 0.002595828, 0.0018278803, 0.001394092, 0.0008561185]","[1, 1, 1, 5, 1, 7, 1, 1, 1, 1]",No visualization
2024-02-25-22:08:11,100,10,10,0,REIMPLEMENTED,MNIST_MakeCorpus,0.9427195088331324,0.9735319211979239,0,1,41,0.6249591,1,"[41, 11, 57, 97, 45, 94, 23, 62, 78, 55]","[0.6249591, 0.20003344, 0.09201906, 0.023449559, 0.016953703, 0.016196016, 0.0056216232, 0.003933252, 0.0029476092, 0.0022241436]","[1, 1, 1, 5, 1, 3, 7, 1, 1, 1]",No visualization
2024-02-25-22:08:18,100,10,10,1,ORIGINAL,MNIST,0.9604386767495988,0.9890980538670349,0,1,49,0.3343431,1,"[49, 10, 63, 76, 67, 6, 22, 50, 17, 72]","[0.3343431, 0.3276116, 0.17318442, 0.14699619, 0.0052688913, 0.005114139, 0.0018192434, 0.0014325712, 0.0013238313, 0.0005083335]","[1, 1, 1, 1, 1, 1, 1, 1, 1, 1]",No visualization
2024-02-25-22:08:22,100,10,10,1,REIMPLEMENTED,MNIST,0.9602175243467098,0.9886608959507605,0,1,49,0.32960576,1,"[49, 10, 63, 76, 67, 6, 22, 50, 17, 72]","[0.32960576, 0.32189018, 0.17381604, 0.14790046, 0.0068373824, 0.0068065007, 0.0024809635, 0.0019522954, 0.0018271735, 0.0007085508]","[1, 1, 1, 1, 1, 1, 1, 1, 1, 1]",No visualization
2024-02-25-22:09:32,100,10,10,1,ORIGINAL,CaD,0.8088159073894173,0.9480335674050442,0,1,42,0.3419638,1,"[42, 74, 79, 89, 38, 58, 55, 88, 75, 32]","[0.3419638, 0.3076807, 0.18116592, 0.11925594, 0.046292435, 0.0008395841, 0.0005624252, 0.00044171367, 0.0004385679, 0.00041317684]","[1, 0, 1, 0, 1, 0, 1, 0, 0, 1]",No visualization
2024-02-25-22:10:40,100,10,10,1,REIMPLEMENTED,CaD,0.8102720999099249,0.9481078335427184,0,1,42,0.333204,1,"[42, 74, 79, 89, 38, 23, 95, 81, 6, 57]","[0.333204, 0.3080693, 0.09341377, 0.09017781, 0.079119906, 0.034005545, 0.022867097, 0.015981821, 0.009383965, 0.0029954547]","[1, 0, 1, 0, 1, 1, 0, 0, 1, 0]",No visualization
2024-02-25-22:10:47,100,10,10,1,ORIGINAL,Heart,0.9794362853836538,0.8544129813267631,0,1,45,0.80163866,1,"[45, 44, 79, 92, 37, 18, 39, 71, 48, 47]","[0.80163866, 0.16415523, 0.030871546, 0.0012146189, 0.00076720276, 0.0004029368, 0.0002040859, 0.00019353301, 0.00012498218, 9.0270085e-05]","[1, 1, 1, 1, 1, 1, 1, 1, 0, 1]",No visualization
2024-02-25-22:10:50,100,10,10,1,REIMPLEMENTED,Heart,0.8071828691610182,-1.0094732485014264,0,1,8,0.21897136,1,"[8, 95, 23, 29, 84, 18, 62, 37, 71, 83]","[0.21897136, 0.1464893, 0.08471024, 0.04234359, 0.03452503, 0.029569719, 0.02101001, 0.0208158, 0.020301038, 0.020294964]","[1, 0, 1, 1, 1, 1, 0, 1, 1, 1]",No visualization
2024-02-25-22:11:27,100,10,10,1,ORIGINAL,MNIST_MakeCorpus,0.9340314345624166,0.9660656190113557,0,1,22,0.4072002,1,"[22, 13, 92, 24, 40, 27, 67, 73, 6, 17]","[0.4072002, 0.20375538, 0.19637917, 0.16741987, 0.01863901, 0.003722434, 0.00048593627, 0.0004588542, 0.00032647917, 0.00027415066]","[1, 6, 3, 4, 7, 5, 1, 9, 1, 1]",No visualization
2024-02-25-22:11:57,100,10,10,1,REIMPLEMENTED,MNIST_MakeCorpus,0.9341431193392712,0.9656790600146481,0,1,22,0.40654945,1,"[22, 13, 92, 24, 40, 27, 67, 73, 6, 17]","[0.40654945, 0.20181155, 0.19570312, 0.16631116, 0.018631935, 0.0050555617, 0.00064973626, 0.00058179925, 0.0004330904, 0.00036943777]","[1, 6, 3, 4, 7, 5, 1, 9, 1, 1]",No visualization
2024-02-25-22:12:03,100,10,10,2,ORIGINAL,MNIST,0.9309945314894479,0.9646610147585744,0,1,55,0.3603368,1,"[55, 86, 90, 87, 6, 89, 39, 93, 1, 59]","[0.3603368, 0.18898079, 0.16919309, 0.14006808, 0.065668, 0.025991742, 0.01887553, 0.01468093, 0.0070918296, 0.0061012846]","[1, 1, 1, 1, 6, 1, 1, 1, 1, 1]",No visualization
2024-02-25-22:12:07,100,10,10,2,REIMPLEMENTED,MNIST,0.9310386096936679,0.9643905987204529,0,1,55,0.36858937,1,"[55, 90, 86, 87, 89, 0, 93, 6, 39, 1]","[0.36858937, 0.17836519, 0.1752175, 0.11378247, 0.035009623, 0.029362503, 0.02152421, 0.017541964, 0.016698455, 0.011648448]","[1, 1, 1, 1, 1, 6, 1, 6, 1, 1]",No visualization
2024-02-25-22:13:25,100,10,10,2,ORIGINAL,CaD,-4.352537335515201,0.8861558608921865,0,1,71,0.24773909,1,"[71, 25, 14, 32, 0, 26, 28, 17, 58, 9]","[0.24773909, 0.17248279, 0.14512059, 0.13557218, 0.08589178, 0.07649591, 0.06265385, 0.035600983, 0.033581473, 0.0035203167]","[1, 1, 1, 0, 1, 0, 0, 1, 1, 1]",No visualization
2024-02-25-22:14:48,100,10,10,2,REIMPLEMENTED,CaD,-4.302528042560802,0.8853057312408008,0,1,71,0.24702315,1,"[71, 25, 14, 32, 0, 26, 28, 17, 58, 9]","[0.24702315, 0.17157249, 0.14506379, 0.13390283, 0.085157014, 0.07645968, 0.06229121, 0.03574156, 0.034147844, 0.0045610345]","[1, 1, 1, 0, 1, 0, 0, 1, 1, 1]",No visualization
2024-02-25-22:14:55,100,10,10,2,ORIGINAL,Heart,0.9954687343145645,0.9321109795506498,0,0,60,0.9660831,0,"[60, 4, 91, 17, 35, 98, 27, 72, 5, 69]","[0.9660831, 0.017140128, 0.003933106, 0.0038812826, 0.0022097575, 0.0021198806, 0.0015364136, 0.0010178227, 0.0008610592, 0.0007763354]","[0, 0, 0, 0, 0, 0, 0, 0, 0, 0]",No visualization
2024-02-25-22:14:58,100,10,10,2,REIMPLEMENTED,Heart,0.9662503643703482,0.8556063686312361,0,0,60,0.2985951,0,"[60, 45, 17, 4, 98, 21, 67, 70, 35, 27]","[0.2985951, 0.21113856, 0.12298216, 0.11335018, 0.045332324, 0.03172491, 0.024827877, 0.018484786, 0.018474896, 0.017089883]","[0, 0, 0, 0, 0, 0, 0, 0, 0, 0]",No visualization
2024-02-25-22:15:42,100,10,10,2,ORIGINAL,MNIST_MakeCorpus,0.9321046376932232,0.9633387242083445,0,1,82,0.29940704,1,"[82, 39, 86, 55, 40, 81, 1, 59, 95, 18]","[0.29940704, 0.2976787, 0.2913487, 0.099911764, 0.0046352018, 0.001280951, 0.0011659538, 0.001163641, 0.000595528, 0.0005384684]","[1, 1, 1, 1, 5, 1, 1, 1, 1, 2]",No visualization
2024-02-25-22:16:16,100,10,10,2,REIMPLEMENTED,MNIST_MakeCorpus,0.9324671747418104,0.9627805519917239,0,1,82,0.29840022,1,"[82, 86, 39, 55, 40, 81, 1, 59, 95, 18]","[0.29840022, 0.2975829, 0.28365192, 0.09530866, 0.006187445, 0.0020860648, 0.0019413494, 0.0019288226, 0.0009980686, 0.00089807244]","[1, 1, 1, 1, 5, 1, 1, 1, 1, 2]",No visualization
2024-02-25-22:16:23,100,10,20,0,ORIGINAL,MNIST,0.9124561844798315,0.9590926429707007,0,1,90,0.48505062,1,"[90, 99, 32, 41, 55, 67, 29, 45, 11, 57, 30, 83, 59, 62, 86, 23, 13, 36, 92, 1]","[0.48505062, 0.31027803, 0.1400375, 0.042395823, 0.007446658, 0.0031817388, 0.002934019, 0.0012610571, 0.0012035748, 0.0011324048, 0.0011090896, 0.0007846953, 0.000664423, 0.00023559097, 0.00021947915, 9.860525e-05, 9.804207e-05, 8.795318e-05, 7.3596e-05, 7.343131e-05]","[1, 1, 6, 1, 1, 1, 1, 1, 1, 1, 6, 1, 1, 1, 1, 7, 5, 6, 6, 6]",No visualization
2024-02-25-22:16:27,100,10,20,0,REIMPLEMENTED,MNIST,0.9127416848892911,0.9594939275634028,0,1,90,0.4830423,1,"[90, 99, 32, 41, 55, 67, 29, 45, 11, 57, 30, 83, 59, 62, 86, 13, 23, 36, 92, 1]","[0.4830423, 0.30393866, 0.13713576, 0.047263343, 0.009091639, 0.0038814943, 0.003638044, 0.0015666301, 0.0014835823, 0.0014102475, 0.0013737129, 0.0009768703, 0.00083156733, 0.00029716914, 0.0002768837, 0.00012479055, 0.00012448257, 0.00011255366, 9.390865e-05, 9.381019e-05]","[1, 1, 6, 1, 1, 1, 1, 1, 1, 1, 6, 1, 1, 1, 1, 5, 7, 6, 6, 6]",No visualization
2024-02-25-22:17:47,100,10,20,0,ORIGINAL,CaD,0.5052641942388717,0.938513499828162,0,1,6,0.31556973,1,"[6, 63, 53, 42, 55, 29, 94, 83, 85, 26, 43, 52, 90, 98, 2, 71, 91, 10, 51, 0]","[0.31556973, 0.19014654, 0.10595584, 0.08837025, 0.08372941, 0.058123305, 0.054160863, 0.047879618, 0.04645999, 0.006172914, 0.0005760323, 0.00051214255, 0.00048715493, 0.00047221608, 0.00029589585, 0.0002353786, 0.0001273434, 9.072157e-05, 7.527706e-05, 5.9411155e-05]","[1, 1, 0, 1, 1, 1, 1, 1, 1, 1, 1, 1, 1, 1, 0, 1, 1, 1, 0, 1]",No visualization
2024-02-25-22:19:06,100,10,20,0,REIMPLEMENTED,CaD,0.5073415469341889,0.9381530110257742,0,1,6,0.3144182,1,"[6, 63, 53, 42, 55, 29, 94, 85, 83, 26, 43, 32, 52, 90, 98, 2, 71, 91, 68, 10]","[0.3144182, 0.19007395, 0.105538554, 0.08813473, 0.08184601, 0.058543995, 0.05295997, 0.045966394, 0.04574415, 0.007839713, 0.0009396586, 0.00092572113, 0.00088748673, 0.0008063622, 0.00073419383, 0.00046377126, 0.00039927437, 0.00021347997, 0.00015619035, 0.00015327413]","[1, 1, 0, 1, 1, 1, 1, 1, 1, 1, 1, 0, 1, 1, 1, 0, 1, 1, 0, 1]",No visualization
2024-02-25-22:19:13,100,10,20,0,ORIGINAL,Heart,0.9958159623030229,0.9903753285148476,0,0,66,0.39986545,1,"[66, 3, 41, 69, 77, 13, 85, 20, 43, 24, 76, 34, 0, 74, 16, 71, 53, 59, 18, 60]","[0.39986545, 0.32849368, 0.26746416, 0.0028906341, 0.0002668668, 0.00015958316, 0.00011211016, 0.00010322469, 0.00010191454, 8.846579e-05, 6.109792e-05, 5.2596766e-05, 5.0136092e-05, 4.144237e-05, 4.0722196e-05, 3.8512266e-05, 3.7459024e-05, 3.665877e-05, 3.0881496e-05, 2.9922981e-05]","[1, 0, 0, 0, 1, 1, 0, 1, 0, 1, 1, 1, 0, 1, 1, 1, 0, 1, 1, 1]",No visualization
2024-02-25-22:19:17,100,10,20,0,REIMPLEMENTED,Heart,0.7679534293328341,-0.4090927978059427,0,0,76,0.19050449,1,"[76, 0, 41, 78, 54, 57, 29, 61, 11, 90, 71, 67, 12, 64, 53, 92, 89, 39, 23, 69]","[0.19050449, 0.13367698, 0.09154981, 0.07311156, 0.03481047, 0.019522445, 0.019212108, 0.015641343, 0.013952081, 0.013274162, 0.013134114, 0.013041087, 0.011900128, 0.010896037, 0.010493091, 0.01017926, 0.009356846, 0.009299148, 0.0092113605, 0.008868144]","[1, 0, 0, 1, 0, 0, 0, 0, 0, 0, 1, 1, 1, 0, 0, 0, 0, 0, 0, 0]",No visualization
2024-02-25-22:19:59,100,10,20,0,ORIGINAL,MNIST_MakeCorpus,0.9428966964774871,0.974226311819246,0,1,41,0.64570636,1,"[41, 11, 57, 97, 45, 94, 23, 62, 78, 55, 59, 67, 32, 15, 70, 91, 29, 25, 35, 50]","[0.64570636, 0.18179059, 0.09865715, 0.032357853, 0.012889094, 0.011005225, 0.0053917705, 0.0029540579, 0.00211166, 0.0016052283, 0.0009860646, 0.00071405584, 0.0005715166, 0.00028242992, 0.00023466628, 0.00022645865, 0.00021193692, 0.00019830327, 0.00014313152, 0.00012496971]","[1, 1, 1, 5, 1, 3, 7, 1, 1, 1, 1, 1, 6, 3, 7, 5, 1, 8, 2, 7]",No visualization
2024-02-25-22:20:33,100,10,20,0,REIMPLEMENTED,MNIST_MakeCorpus,0.9429087859126404,0.9740431729242243,0,1,41,0.6249591,1,"[41, 11, 57, 97, 45, 94, 23, 62, 78, 55, 59, 67, 32, 2, 76, 14, 91, 29, 15, 25]","[0.6249591, 0.20003344, 0.09201906, 0.023449559, 0.016953703, 0.016196016, 0.0056216232, 0.003933252, 0.0029476092, 0.0022241436, 0.0013526577, 0.0009881976, 0.0007797828, 0.0005637625, 0.00035635082, 0.0003316334, 0.00031175176, 0.00029643753, 0.00028046797, 0.00027097863]","[1, 1, 1, 5, 1, 3, 7, 1, 1, 1, 1, 1, 6, 9, 3, 3, 5, 1, 3, 8]",No visualization
2024-02-25-22:20:40,100,10,20,1,ORIGINAL,MNIST,0.9608918336197586,0.9902189729206787,0,1,49,0.3328994,1,"[49, 10, 63, 76, 67, 6, 22, 50, 17, 72, 32, 99, 41, 83, 38, 59, 75, 51, 85, 86]","[0.3328994, 0.326808, 0.1733856, 0.14687194, 0.0055719586, 0.005476076, 0.0019560144, 0.0015376883, 0.0014317482, 0.0005500894, 0.00028688074, 0.00028241985, 0.00023992699, 0.00017179053, 0.00014135551, 0.00012940468, 0.00010808572, 0.00010551861, 8.414643e-05, 7.792535e-05]","[1, 1, 1, 1, 1, 1, 1, 1, 1, 1, 1, 2, 9, 8, 2, 8, 7, 8, 8, 6]",No visualization
2024-02-25-22:20:44,100,10,20,1,REIMPLEMENTED,MNIST,0.9610817642811597,0.9898675672561783,0,1,49,0.32960576,1,"[49, 10, 63, 76, 67, 6, 22, 50, 17, 72, 32, 99, 41, 83, 38, 59, 75, 51, 85, 56]","[0.32960576, 0.32189018, 0.17381604, 0.14790046, 0.0068373824, 0.0068065007, 0.0024809635, 0.0019522954, 0.0018271735, 0.0007085508, 0.00037099252, 0.0003616612, 0.0003093576, 0.0002230326, 0.00018278157, 0.00016778619, 0.00014011054, 0.00013749652, 0.000109560744, 0.00010859726]","[1, 1, 1, 1, 1, 1, 1, 1, 1, 1, 1, 2, 9, 8, 2, 8, 7, 8, 8, 3]",No visualization
2024-02-25-22:21:59,100,10,20,1,ORIGINAL,CaD,0.8101015681687469,0.9488939174099172,0,1,42,0.33169705,1,"[42, 74, 89, 79, 38, 23, 95, 57, 58, 9, 55, 75, 88, 32, 5, 16, 18, 51, 43, 80]","[0.33169705, 0.31029248, 0.098809, 0.09832171, 0.09020619, 0.033140313, 0.02887773, 0.002843788, 0.0011073278, 0.00073388073, 0.0005784559, 0.0005178384, 0.00044372166, 0.00044163573, 0.0004412116, 0.00023510591, 0.000205007, 0.00015536159, 0.00013170745, 8.968067e-05]","[1, 0, 0, 1, 1, 1, 0, 0, 0, 1, 1, 0, 0, 1, 1, 0, 0, 1, 1, 0]",No visualization
2024-02-25-22:23:16,100,10,20,1,REIMPLEMENTED,CaD,0.8100731906473883,0.9488340376188649,0,1,42,0.333204,1,"[42, 74, 79, 89, 38, 23, 95, 81, 6, 57, 58, 9, 55, 47, 75, 88, 32, 5, 16, 18]","[0.333204, 0.3080693, 0.09341377, 0.09017781, 0.079119906, 0.034005545, 0.022867097, 0.015981821, 0.009383965, 0.0029954547, 0.001275408, 0.0009841834, 0.00083083217, 0.0008055043, 0.0007084187, 0.0006376511, 0.0006245737, 0.0005634065, 0.00033032792, 0.00028498148]","[1, 0, 1, 0, 1, 1, 0, 0, 1, 0, 0, 1, 1, 1, 0, 0, 1, 1, 0, 0]",No visualization
2024-02-25-22:23:23,100,10,20,1,ORIGINAL,Heart,0.9943735751659507,0.9185537940221311,0,1,50,0.3744536,1,"[50, 30, 76, 7, 86, 60, 58, 42, 83, 77, 45, 79, 44, 92, 37, 18, 71, 39, 48, 47]","[0.3744536, 0.37091544, 0.2064162, 0.016851023, 0.015645003, 0.0050945794, 0.0023520987, 0.0019272865, 0.0011334007, 0.0010888816, 0.0008157245, 0.00063534925, 0.0006021358, 0.0003938727, 0.00036681598, 0.00030758456, 0.0002213797, 0.00021966548, 0.00017400054, 0.00014384187]","[1, 1, 1, 1, 1, 1, 1, 1, 1, 1, 1, 1, 1, 1, 1, 1, 1, 1, 0, 1]",No visualization
2024-02-25-22:23:26,100,10,20,1,REIMPLEMENTED,Heart,0.9529987058090874,0.4987057532914153,0,1,8,0.21897136,1,"[8, 95, 23, 29, 84, 18, 62, 37, 71, 83, 79, 45, 9, 30, 47, 92, 77, 7, 50, 42]","[0.21897136, 0.1464893, 0.08471024, 0.04234359, 0.03452503, 0.029569719, 0.02101001, 0.0208158, 0.020301038, 0.020294964, 0.019087916, 0.019058255, 0.018663844, 0.017702661, 0.017299665, 0.01605907, 0.015593407, 0.015090033, 0.014840504, 0.014385261]","[1, 0, 1, 1, 1, 1, 0, 1, 1, 1, 1, 1, 0, 1, 1, 1, 1, 1, 1, 1]",No visualization
2024-02-25-22:24:11,100,10,20,1,ORIGINAL,MNIST_MakeCorpus,0.93416502695885,0.9662880006135065,0,1,22,0.4066311,1,"[22, 13, 92, 24, 40, 27, 67, 73, 6, 17, 72, 50, 63, 74, 71, 59, 32, 10, 93, 43]","[0.4066311, 0.20318443, 0.19609396, 0.16691482, 0.01896608, 0.004269695, 0.0005344455, 0.00047879163, 0.00035505235, 0.00030252093, 0.00024550862, 0.00021566889, 0.00020418779, 0.00020107011, 0.00014344734, 7.8503996e-05, 7.691323e-05, 7.563117e-05, 6.622019e-05, 5.580507e-05]","[1, 6, 3, 4, 7, 5, 1, 9, 1, 1, 6, 1, 1, 7, 1, 8, 1, 1, 2, 9]",No visualization
2024-02-25-22:24:46,100,10,20,1,REIMPLEMENTED,MNIST_MakeCorpus,0.9342028282783859,0.9661555082513912,0,1,22,0.40654945,1,"[22, 13, 92, 24, 40, 27, 67, 73, 6, 17, 61, 72, 50, 63, 74, 71, 59, 32, 10, 93]","[0.40654945, 0.20181155, 0.19570312, 0.16631116, 0.018631935, 0.0050555617, 0.00064973626, 0.00058179925, 0.0004330904, 0.00036943777, 0.00031683213, 0.00029754132, 0.0002640614, 0.00025002775, 0.00024536336, 0.00017623024, 9.664636e-05, 9.482677e-05, 9.324407e-05, 8.172748e-05]","[1, 6, 3, 4, 7, 5, 1, 9, 1, 1, 0, 6, 1, 1, 7, 1, 8, 1, 1, 2]",No visualization
2024-02-25-22:24:54,100,10,20,2,ORIGINAL,MNIST,0.9310879682671088,0.9650528141580363,0,1,55,0.36805868,1,"[55, 86, 90, 87, 6, 89, 0, 39, 93, 1, 59, 52, 11, 36, 42, 21, 85, 2, 13, 47]","[0.36805868, 0.18479833, 0.17598392, 0.13038656, 0.034375057, 0.027337167, 0.022433564, 0.016926408, 0.01587842, 0.007914433, 0.0068686116, 0.0025302598, 0.0011577333, 0.0008737879, 0.0006554854, 0.00036393842, 0.00033850304, 0.0002047298, 0.00013141913, 0.0001266043]","[1, 1, 1, 1, 6, 1, 6, 1, 1, 1, 1, 5, 8, 8, 6, 6, 8, 0, 2, 7]",No visualization
2024-02-25-22:24:58,100,10,20,2,REIMPLEMENTED,MNIST,0.9310605269080664,0.9647751284939694,0,1,55,0.36858937,1,"[55, 90, 86, 87, 89, 0, 93, 6, 39, 1, 59, 52, 11, 36, 42, 85, 30, 21, 2, 91]","[0.36858937, 0.17836519, 0.1752175, 0.11378247, 0.035009623, 0.029362503, 0.02152421, 0.017541964, 0.016698455, 0.011648448, 0.010269182, 0.0045832223, 0.0014356552, 0.0010512683, 0.00089567935, 0.00047918377, 0.00044693728, 0.00043861286, 0.0003404362, 0.0003233211]","[1, 1, 1, 1, 1, 6, 1, 6, 1, 1, 1, 5, 8, 8, 6, 8, 8, 6, 0, 6]",No visualization
2024-02-25-22:26:24,100,10,20,2,ORIGINAL,CaD,-4.338352998353612,0.8862464975060748,0,1,71,0.24733567,1,"[71, 25, 14, 32, 0, 26, 28, 17, 58, 9, 7, 92, 27, 99, 62, 3, 68, 74, 64, 57]","[0.24733567, 0.17211908, 0.14501671, 0.1348782, 0.08555652, 0.07653564, 0.062475808, 0.03557967, 0.033874534, 0.0038612564, 0.00042429974, 0.00038065825, 0.00032247315, 0.00015873683, 0.00013507443, 0.00012368469, 0.000114402676, 7.7679724e-05, 7.6900025e-05, 7.038388e-05]","[1, 1, 1, 0, 1, 0, 0, 1, 1, 1, 1, 1, 1, 1, 1, 0, 0, 1, 1, 1]",No visualization
2024-02-25-22:27:51,100,10,20,2,REIMPLEMENTED,CaD,-4.324260254654294,0.8861812907332531,0,1,71,0.24702315,1,"[71, 25, 14, 32, 0, 26, 28, 17, 58, 9, 7, 92, 27, 99, 62, 3, 68, 81, 74, 64]","[0.24702315, 0.17157249, 0.14506379, 0.13390283, 0.085157014, 0.07645968, 0.06229121, 0.03574156, 0.034147844, 0.0045610345, 0.0005125548, 0.00045721277, 0.00039022334, 0.00019257885, 0.00016380602, 0.00014965038, 0.00013890023, 0.00010350524, 9.426709e-05, 9.410406e-05]","[1, 1, 1, 0, 1, 0, 0, 1, 1, 1, 1, 1, 1, 1, 1, 0, 0, 0, 1, 1]",No visualization
2024-02-25-22:27:58,100,10,20,2,ORIGINAL,Heart,0.9980307900833367,0.9417998362266402,0,0,60,0.33109343,0,"[60, 45, 21, 4, 17, 67, 98, 56, 30, 35, 27, 69, 5, 91, 72, 83, 76, 80, 40, 48]","[0.33109343, 0.1979667, 0.18868536, 0.09230835, 0.0558538, 0.047869578, 0.021094376, 0.017869012, 0.009984739, 0.009909383, 0.007833954, 0.0040073614, 0.0035620874, 0.0034368595, 0.0023471122, 0.002129054, 0.0012371213, 0.0011420952, 0.0007720462, 0.00053788733]","[0, 0, 0, 0, 0, 0, 0, 0, 0, 0, 0, 0, 0, 0, 0, 0, 0, 0, 0, 0]",No visualization
2024-02-25-22:28:02,100,10,20,2,REIMPLEMENTED,Heart,0.9900817533530306,0.9201353004769772,0,0,60,0.2985951,0,"[60, 45, 17, 4, 98, 21, 67, 70, 35, 27, 69, 30, 56, 5, 91, 72, 77, 83, 76, 80]","[0.2985951, 0.21113856, 0.12298216, 0.11335018, 0.045332324, 0.03172491, 0.024827877, 0.018484786, 0.018474896, 0.017089883, 0.0124548925, 0.012122899, 0.010409948, 0.009927687, 0.006289193, 0.005886998, 0.0032820536, 0.0029235373, 0.0018657993, 0.0015919217]","[0, 0, 0, 0, 0, 0, 0, 0, 0, 0, 0, 0, 0, 0, 0, 0, 0, 0, 0, 0]",No visualization
2024-02-25-22:28:45,100,10,20,2,ORIGINAL,MNIST_MakeCorpus,0.9325073506222347,0.9635384196728923,0,1,82,0.297631,1,"[82, 39, 86, 55, 40, 81, 1, 59, 95, 18, 10, 80, 83, 6, 41, 70, 64, 30, 45, 11]","[0.297631, 0.29583573, 0.293375, 0.09867452, 0.005096615, 0.0014106333, 0.0012873928, 0.0012853545, 0.0006584762, 0.00059374166, 0.0005223738, 0.00036226763, 0.00030471364, 0.00022732567, 0.00022010552, 0.00018643086, 0.00018228438, 0.00011416958, 8.8685185e-05, 8.781495e-05]","[1, 1, 1, 1, 5, 1, 1, 1, 1, 2, 7, 1, 1, 6, 2, 6, 5, 8, 3, 8]",No visualization
2024-02-25-22:29:19,100,10,20,2,REIMPLEMENTED,MNIST_MakeCorpus,0.9325969820448822,0.9633645014050722,0,1,82,0.29840022,1,"[82, 86, 39, 55, 40, 81, 1, 59, 95, 18, 10, 80, 83, 41, 6, 24, 70, 64, 61, 30]","[0.29840022, 0.2975829, 0.28365192, 0.09530866, 0.006187445, 0.0020860648, 0.0019413494, 0.0019288226, 0.0009980686, 0.00089807244, 0.00078563526, 0.0005512016, 0.00046414742, 0.0003371702, 0.00033081102, 0.0003236985, 0.00028740976, 0.00028285163, 0.00024861668, 0.0001761081]","[1, 1, 1, 1, 5, 1, 1, 1, 1, 2, 7, 1, 1, 2, 6, 5, 6, 5, 5, 8]",No visualization
2024-02-25-22:29:26,100,10,50,0,ORIGINAL,MNIST,0.9126571399848684,0.9595350211151057,0,1,90,0.48427194,1,"[90, 99, 32, 41, 55, 67, 29, 45, 11, 57, 30, 83, 59, 62, 86, 23, 13, 36, 92, 1, 97, 46, 84, 33, 77, 6, 28, 53, 78, 0, 75, 52, 49, 18, 31, 96, 7, 60, 58, 66, 87, 95, 56, 42, 65, 26, 88, 16, 76, 43]","[0.48427194, 0.30743605, 0.1387193, 0.044551697, 0.008170908, 0.0034880298, 0.0032428838, 0.0013946918, 0.0013263471, 0.0012540356, 0.001224193, 0.00086867245, 0.0007374799, 0.00026245072, 0.0002445091, 0.00010988669, 0.00010966935, 9.863293e-05, 8.240241e-05, 8.22923e-05, 8.047514e-05, 7.103017e-05, 5.7863825e-05, 5.7471974e-05, 5.71832e-05, 5.5550645e-05, 5.3087082e-05, 5.2795105e-05, 5.2793897e-05, 5.2321244e-05, 5.046491e-05, 5.024856e-05, 4.9257404e-05, 4.882218e-05, 4.5482073e-05, 4.434678e-05, 4.3197542e-05, 4.255192e-05, 4.2053653e-05, 4.1074934e-05, 4.0658815e-05, 4.0285428e-05, 3.9940638e-05, 3.976816e-05, 3.9325056e-05, 3.8182494e-05, 3.636831e-05, 3.571124e-05, 3.434716e-05, 3.3328335e-05]","[1, 1, 6, 1, 1, 1, 1, 1, 1, 1, 6, 1, 1, 1, 1, 7, 5, 6, 6, 6, 5, 5, 8, 9, 9, 0, 3, 0, 0, 9, 0, 3, 0, 0, 6, 3, 9, 9, 0, 9, 9, 9, 9, 0, 6, 0, 9, 8, 7, 7]",No visualization
2024-02-25-22:29:30,100,10,50,0,REIMPLEMENTED,MNIST,0.9126584938759702,0.9596177751842786,0,1,90,0.4830423,1,"[90, 99, 32, 41, 55, 67, 29, 45, 11, 57, 30, 83, 59, 62, 86, 13, 23, 36, 92, 1, 97, 46, 33, 84, 77, 6, 28, 53, 78, 0, 75, 52, 49, 18, 31, 96, 7, 60, 58, 66, 87, 95, 73, 56, 42, 79, 65, 26, 94, 54]","[0.4830423, 0.30393866, 0.13713576, 0.047263343, 0.009091639, 0.0038814943, 0.003638044, 0.0015666301, 0.0014835823, 0.0014102475, 0.0013737129, 0.0009768703, 0.00083156733, 0.00029716914, 0.0002768837, 0.00012479055, 0.00012448257, 0.00011255366, 9.390865e-05, 9.381019e-05, 9.2797854e-05, 8.1696235e-05, 6.592086e-05, 6.578967e-05, 6.537281e-05, 6.365544e-05, 6.0916154e-05, 6.0467297e-05, 6.0446942e-05, 5.982185e-05, 5.7768055e-05, 5.7568966e-05, 5.6405755e-05, 5.5867986e-05, 5.181224e-05, 5.0757266e-05, 4.927935e-05, 4.8573445e-05, 4.8088146e-05, 4.7058755e-05, 4.6393685e-05, 4.5927183e-05, 4.5782483e-05, 4.5535286e-05, 4.544323e-05, 4.5087436e-05, 4.482616e-05, 4.3621378e-05, 4.3534314e-05, 4.2130287e-05]","[1, 1, 6, 1, 1, 1, 1, 1, 1, 1, 6, 1, 1, 1, 1, 5, 7, 6, 6, 6, 5, 5, 9, 8, 9, 0, 3, 0, 0, 9, 0, 3, 0, 0, 6, 3, 9, 9, 0, 9, 9, 9, 9, 9, 0, 3, 6, 0, 8, 9]",No visualization
2024-02-25-22:30:45,100,10,50,0,ORIGINAL,CaD,0.5048894157866313,0.9381292527379084,0,1,6,0.31534582,1,"[6, 63, 53, 42, 55, 29, 94, 83, 85, 26, 43, 52, 90, 98, 2, 71, 91, 10, 68, 51, 47, 30, 0, 7, 74, 34, 92, 58, 19, 54, 22, 9, 16, 4, 21, 56, 50, 70, 97, 62, 76, 27, 24, 35, 46, 49, 33, 80, 23, 39]","[0.31534582, 0.19005658, 0.10597098, 0.08819106, 0.08310153, 0.058221426, 0.053496506, 0.04715846, 0.046404693, 0.006839143, 0.0007033572, 0.00063833664, 0.000596323, 0.00055902614, 0.0003515812, 0.00029212597, 0.00015704994, 0.00011236491, 0.00011087677, 9.3160445e-05, 8.87637e-05, 8.172422e-05, 7.486509e-05, 7.141088e-05, 6.6578265e-05, 6.4318694e-05, 5.6532102e-05, 5.4424443e-05, 4.511252e-05, 4.2244235e-05, 4.1748648e-05, 4.034161e-05, 3.985333e-05, 3.964726e-05, 3.4917117e-05, 3.4502224e-05, 3.435182e-05, 3.3255543e-05, 3.3173248e-05, 3.219112e-05, 3.2152464e-05, 3.1404597e-05, 3.0928506e-05, 3.0389505e-05, 3.0353705e-05, 2.9519422e-05, 2.8931132e-05, 2.818964e-05, 2.8097926e-05, 2.3193275e-05]","[1, 1, 0, 1, 1, 1, 1, 1, 1, 1, 1, 1, 1, 1, 0, 1, 1, 1, 0, 0, 1, 0, 1, 1, 1, 1, 1, 0, 1, 1, 0, 0, 0, 1, 0, 1, 1, 1, 1, 0, 0, 0, 0, 0, 0, 0, 0, 0, 0, 0]",No visualization
2024-02-25-22:32:04,100,10,50,0,REIMPLEMENTED,CaD,0.5060505610856999,0.9379714201060835,0,1,6,0.3144182,1,"[6, 63, 53, 42, 55, 29, 94, 85, 83, 26, 43, 32, 52, 90, 98, 2, 71, 91, 68, 10, 51, 47, 30, 0, 7, 74, 34, 92, 28, 58, 19, 22, 54, 9, 16, 4, 21, 56, 50, 70, 97, 62, 76, 72, 24, 27, 46, 35, 49, 80]","[0.3144182, 0.19007395, 0.105538554, 0.08813473, 0.08184601, 0.058543995, 0.05295997, 0.045966394, 0.04574415, 0.007839713, 0.0009396586, 0.00092572113, 0.00088748673, 0.0008063622, 0.00073419383, 0.00046377126, 0.00039927437, 0.00021347997, 0.00015619035, 0.00015327413, 0.00012648832, 0.000121750956, 0.00011241325, 0.000101694524, 0.00010034836, 9.3241244e-05, 8.794996e-05, 7.732344e-05, 7.372163e-05, 7.285942e-05, 6.181765e-05, 5.853397e-05, 5.7758312e-05, 5.717656e-05, 5.564716e-05, 5.4379718e-05, 4.9114253e-05, 4.7272508e-05, 4.706464e-05, 4.576184e-05, 4.5456887e-05, 4.4967037e-05, 4.454618e-05, 4.4140506e-05, 4.311684e-05, 4.26953e-05, 4.2158146e-05, 4.15705e-05, 4.1050156e-05, 4.0103016e-05]","[1, 1, 0, 1, 1, 1, 1, 1, 1, 1, 1, 0, 1, 1, 1, 0, 1, 1, 0, 1, 0, 1, 0, 1, 1, 1, 1, 1, 0, 0, 1, 0, 1, 0, 0, 1, 0, 1, 1, 1, 1, 0, 0, 0, 0, 0, 0, 0, 0, 0]",No visualization
2024-02-25-22:32:11,100,10,50,0,ORIGINAL,Heart,0.9990093637833164,0.9960937382323238,0,0,41,0.53808194,0,"[41, 3, 78, 29, 49, 69, 21, 11, 25, 28, 45, 9, 2, 93, 66, 4, 10, 40, 76, 31, 85, 44, 0, 38, 79, 14, 68, 26, 43, 35, 71, 17, 52, 58, 72, 1, 53, 46, 27, 77, 74, 20, 34, 16, 5, 59, 13, 24, 60, 18]","[0.53808194, 0.109651625, 0.0824655, 0.073534735, 0.06622865, 0.03075244, 0.030226178, 0.014677052, 0.01045943, 0.009080336, 0.008542834, 0.0046144105, 0.00369734, 0.0028840024, 0.002419665, 0.0022634778, 0.00092119334, 0.00083166594, 0.00075824093, 0.00060272857, 0.00060028204, 0.0005595487, 0.0005174715, 0.0004601504, 0.00042909366, 0.00035804178, 0.00032710773, 0.0003014442, 0.00028670058, 0.0002801329, 0.0002456862, 0.00024394416, 0.00022277376, 0.00022207134, 0.0002153736, 0.0002136407, 0.00019040961, 0.0001738736, 0.00017344253, 0.00013797825, 0.00013522076, 0.00012878685, 0.00012458832, 0.00012398737, 0.00011632437, 0.00010900394, 0.00010650517, 9.570161e-05, 9.4094336e-05, 9.1085836e-05]","[0, 0, 1, 0, 1, 0, 0, 0, 1, 1, 1, 1, 1, 0, 1, 1, 0, 1, 1, 1, 0, 1, 0, 1, 1, 1, 1, 1, 0, 1, 1, 1, 1, 1, 1, 1, 0, 1, 1, 1, 1, 1, 1, 1, 1, 1, 1, 1, 1, 1]",No visualization
2024-02-25-22:32:14,100,10,50,0,REIMPLEMENTED,Heart,0.9783043217521384,0.8780809475714176,0,0,76,0.19050449,1,"[76, 0, 41, 78, 54, 57, 29, 61, 11, 90, 71, 67, 12, 64, 53, 92, 89, 39, 23, 69, 7, 86, 49, 63, 65, 97, 91, 22, 50, 48, 84, 37, 8, 42, 83, 45, 33, 94, 99, 87, 3, 32, 15, 66, 25, 73, 95, 28, 4, 6]","[0.19050449, 0.13367698, 0.09154981, 0.07311156, 0.03481047, 0.019522445, 0.019212108, 0.015641343, 0.013952081, 0.013274162, 0.013134114, 0.013041087, 0.011900128, 0.010896037, 0.010493091, 0.01017926, 0.009356846, 0.009299148, 0.0092113605, 0.008868144, 0.008671808, 0.0084647825, 0.00815511, 0.008036679, 0.0077897673, 0.0076633682, 0.007626362, 0.0070192846, 0.0068822494, 0.006788102, 0.0066867373, 0.0062678508, 0.006051, 0.0060248994, 0.0060040676, 0.005969618, 0.005721822, 0.005673905, 0.005608092, 0.0055565652, 0.0053488156, 0.0052814507, 0.0052111307, 0.0050467052, 0.0050249, 0.004880009, 0.00480993, 0.0043442063, 0.0042370358, 0.004103395]","[1, 0, 0, 1, 0, 0, 0, 0, 0, 0, 1, 1, 1, 0, 0, 0, 0, 0, 0, 0, 0, 0, 1, 0, 0, 0, 0, 1, 0, 1, 0, 0, 0, 1, 0, 1, 0, 0, 0, 0, 0, 0, 1, 1, 1, 0, 0, 1, 1, 1]",No visualization
2024-02-25-22:32:57,100,10,50,0,ORIGINAL,MNIST_MakeCorpus,0.9428239757691067,0.974171010406881,0,1,41,0.6322835,1,"[41, 11, 57, 97, 45, 94, 23, 62, 78, 55, 59, 67, 32, 2, 76, 14, 15, 91, 29, 25, 70, 35, 99, 13, 50, 9, 83, 68, 93, 18, 58, 53, 74, 71, 48, 61, 92, 8, 66, 42, 40, 75, 20, 31, 49, 73, 96, 0, 72, 54]","[0.6322835, 0.19495289, 0.09472479, 0.02666837, 0.014924328, 0.014728399, 0.0052302945, 0.0033909664, 0.0025010956, 0.0018905322, 0.0011505182, 0.00083763234, 0.00066662335, 0.00056218007, 0.00033338496, 0.00030272192, 0.00026569262, 0.00026394436, 0.00024974727, 0.00023048381, 0.00022671788, 0.0001687685, 0.0001570595, 0.00014750013, 0.00014320314, 0.00013957842, 0.00013640699, 0.00013462457, 9.538331e-05, 9.1278336e-05, 8.8913206e-05, 8.832609e-05, 8.782565e-05, 8.724996e-05, 7.99397e-05, 7.688643e-05, 7.663519e-05, 7.416808e-05, 7.226566e-05, 7.182134e-05, 6.922026e-05, 6.920105e-05, 6.495619e-05, 6.259323e-05, 6.2426785e-05, 5.983531e-05, 5.9006776e-05, 5.7549587e-05, 4.6035453e-05, 4.531115e-05]","[1, 1, 1, 5, 1, 3, 7, 1, 1, 1, 1, 1, 6, 9, 3, 3, 3, 5, 1, 8, 7, 2, 5, 5, 7, 7, 5, 7, 5, 0, 0, 0, 0, 7, 0, 8, 3, 8, 9, 0, 8, 0, 4, 6, 0, 9, 4, 9, 6, 9]",No visualization
2024-02-25-22:33:32,100,10,50,0,REIMPLEMENTED,MNIST_MakeCorpus,0.9428060094509392,0.9740991913469408,0,1,41,0.6249591,1,"[41, 11, 57, 97, 45, 94, 23, 62, 78, 55, 59, 67, 32, 2, 76, 14, 91, 29, 15, 25, 70, 35, 99, 87, 13, 50, 9, 83, 68, 89, 93, 18, 58, 53, 74, 71, 48, 61, 8, 92, 42, 66, 40, 75, 34, 39, 21, 46, 47, 31]","[0.6249591, 0.20003344, 0.09201906, 0.023449559, 0.016953703, 0.016196016, 0.0056216232, 0.003933252, 0.0029476092, 0.0022241436, 0.0013526577, 0.0009881976, 0.0007797828, 0.0005637625, 0.00035635082, 0.0003316334, 0.00031175176, 0.00029643753, 0.00028046797, 0.00027097863, 0.000243133, 0.00020016357, 0.00018917429, 0.00018631584, 0.00017851898, 0.00016749736, 0.00016443603, 0.00016427395, 0.00015644694, 0.00011846911, 0.00011414062, 0.000110223744, 0.00010701668, 0.00010653625, 0.000105979925, 0.000102749436, 9.611934e-05, 9.1362315e-05, 9.057831e-05, 9.005419e-05, 8.625931e-05, 8.50769e-05, 8.485868e-05, 8.2819366e-05, 8.207649e-05, 8.068203e-05, 7.740402e-05, 7.628528e-05, 7.53159e-05, 7.5014395e-05]","[1, 1, 1, 5, 1, 3, 7, 1, 1, 1, 1, 1, 6, 9, 3, 3, 5, 1, 3, 8, 7, 2, 5, 5, 5, 7, 7, 5, 7, 5, 5, 0, 0, 0, 0, 7, 0, 8, 8, 3, 0, 9, 8, 0, 8, 9, 7, 5, 8, 6]",No visualization
2024-02-25-22:33:39,100,10,50,1,ORIGINAL,MNIST,0.9607580302161126,0.9900493920622211,0,1,49,0.33152366,1,"[49, 10, 63, 76, 67, 6, 22, 50, 17, 72, 32, 99, 41, 83, 38, 59, 75, 51, 85, 56, 86, 92, 95, 26, 81, 8, 53, 11, 33, 43, 7, 1, 79, 90, 16, 44, 15, 40, 31, 12, 77, 68, 61, 24, 25, 70, 30, 48, 5, 55]","[0.33152366, 0.32415757, 0.17342366, 0.14791313, 0.006150803, 0.0060774265, 0.0021911038, 0.0017230199, 0.0016096622, 0.0006209497, 0.00032443897, 0.00031721362, 0.00027108678, 0.00019462439, 0.00015975324, 0.0001465141, 0.00012237631, 0.00011976855, 9.5529846e-05, 9.4655996e-05, 8.8280845e-05, 8.79886e-05, 6.555497e-05, 6.391504e-05, 6.3809064e-05, 6.318535e-05, 6.204312e-05, 6.14625e-05, 6.107214e-05, 6.0955477e-05, 6.0117396e-05, 5.9540434e-05, 5.9389135e-05, 5.824272e-05, 5.7734775e-05, 5.6607605e-05, 5.602355e-05, 5.5886303e-05, 5.5522407e-05, 5.4808293e-05, 5.4621953e-05, 5.357451e-05, 5.326299e-05, 5.2699772e-05, 5.164849e-05, 5.038719e-05, 4.980662e-05, 4.9381848e-05, 4.9051367e-05, 4.9026537e-05]","[1, 1, 1, 1, 1, 1, 1, 1, 1, 1, 1, 2, 9, 8, 2, 8, 7, 8, 8, 3, 6, 2, 0, 5, 2, 5, 0, 7, 0, 9, 0, 5, 0, 8, 5, 0, 8, 7, 9, 0, 5, 4, 0, 4, 2, 7, 3, 7, 7, 0]",No visualization
2024-02-25-22:33:43,100,10,50,1,REIMPLEMENTED,MNIST,0.9608415172670252,0.9899192102182397,0,1,49,0.32960576,1,"[49, 10, 63, 76, 67, 6, 22, 50, 17, 72, 32, 99, 41, 83, 38, 59, 75, 51, 85, 56, 86, 92, 95, 26, 81, 8, 53, 33, 11, 43, 7, 1, 79, 90, 16, 44, 15, 40, 31, 12, 77, 68, 61, 64, 35, 24, 25, 70, 39, 30]","[0.32960576, 0.32189018, 0.17381604, 0.14790046, 0.0068373824, 0.0068065007, 0.0024809635, 0.0019522954, 0.0018271735, 0.0007085508, 0.00037099252, 0.0003616612, 0.0003093576, 0.0002230326, 0.00018278157, 0.00016778619, 0.00014011054, 0.00013749652, 0.000109560744, 0.00010859726, 0.000101167905, 0.00010102965, 7.596169e-05, 7.340207e-05, 7.325319e-05, 7.3166964e-05, 7.186828e-05, 7.0718714e-05, 7.0577094e-05, 7.0533686e-05, 6.959384e-05, 6.889557e-05, 6.876724e-05, 6.690152e-05, 6.678333e-05, 6.5502056e-05, 6.479168e-05, 6.46035e-05, 6.419178e-05, 6.340744e-05, 6.31541e-05, 6.1895626e-05, 6.1605e-05, 6.15329e-05, 6.092132e-05, 6.0877293e-05, 5.9319693e-05, 5.9123886e-05, 5.9021244e-05, 5.7267738e-05]","[1, 1, 1, 1, 1, 1, 1, 1, 1, 1, 1, 2, 9, 8, 2, 8, 7, 8, 8, 3, 6, 2, 0, 5, 2, 5, 0, 0, 7, 9, 0, 5, 0, 8, 5, 0, 8, 7, 9, 0, 5, 4, 0, 4, 3, 4, 2, 7, 9, 3]",No visualization
2024-02-25-22:35:00,100,10,50,1,ORIGINAL,CaD,0.8099884749330983,0.948903280727188,0,1,42,0.33300912,1,"[42, 74, 79, 89, 38, 23, 95, 81, 6, 57, 58, 9, 47, 55, 75, 88, 32, 5, 16, 18, 51, 59, 43, 87, 80, 67, 0, 69, 64, 7, 92, 97, 63, 24, 98, 54, 3, 72, 44, 85, 83, 86, 91, 99, 34, 76, 8, 12, 68, 39]","[0.33300912, 0.30812395, 0.09452982, 0.09072272, 0.08123177, 0.034196265, 0.023224505, 0.015501278, 0.008692596, 0.002578579, 0.001085392, 0.0008088862, 0.0007358021, 0.0006781523, 0.00058235665, 0.00051932334, 0.0005103294, 0.00046815517, 0.00026850184, 0.00023307497, 0.00018392052, 0.00016926877, 0.0001587934, 0.0001233464, 0.000106663356, 8.814993e-05, 8.197325e-05, 7.4097e-05, 5.7043093e-05, 5.3336484e-05, 5.3031556e-05, 5.1678195e-05, 4.9972183e-05, 4.6294837e-05, 4.5291996e-05, 4.0859963e-05, 4.0013183e-05, 3.9036768e-05, 3.7884874e-05, 3.7410024e-05, 3.7243e-05, 3.4562996e-05, 3.3828936e-05, 3.3510405e-05, 3.299742e-05, 3.131471e-05, 3.0660187e-05, 2.936464e-05, 2.760671e-05, 2.6534053e-05]","[1, 0, 1, 0, 1, 1, 0, 0, 1, 0, 0, 1, 1, 1, 0, 0, 1, 1, 0, 0, 1, 0, 1, 0, 0, 0, 1, 1, 1, 0, 1, 0, 0, 1, 0, 0, 0, 0, 1, 0, 0, 1, 0, 0, 0, 0, 1, 0, 0, 0]",No visualization
2024-02-25-22:36:17,100,10,50,1,REIMPLEMENTED,CaD,0.8099768901498613,0.9487713145057834,0,1,42,0.333204,1,"[42, 74, 79, 89, 38, 23, 95, 81, 6, 57, 58, 9, 55, 47, 75, 88, 32, 5, 16, 18, 59, 51, 43, 87, 80, 67, 0, 69, 7, 64, 92, 97, 63, 24, 98, 54, 3, 72, 44, 83, 85, 86, 91, 14, 99, 34, 30, 36, 8, 61]","[0.333204, 0.3080693, 0.09341377, 0.09017781, 0.079119906, 0.034005545, 0.022867097, 0.015981821, 0.009383965, 0.0029954547, 0.001275408, 0.0009841834, 0.00083083217, 0.0008055043, 0.0007084187, 0.0006376511, 0.0006245737, 0.0005634065, 0.00033032792, 0.00028498148, 0.00022909675, 0.00022771551, 0.00019629135, 0.00015203455, 0.00013199137, 0.000108283704, 0.00010122224, 9.124239e-05, 7.289166e-05, 7.0541704e-05, 6.5500746e-05, 6.376742e-05, 6.224387e-05, 5.6833356e-05, 5.6011868e-05, 5.0897255e-05, 4.9528404e-05, 4.8837555e-05, 4.7193e-05, 4.6240144e-05, 4.6118068e-05, 4.331367e-05, 4.2279735e-05, 4.1819894e-05, 4.1317464e-05, 4.126096e-05, 4.1231615e-05, 3.98561e-05, 3.9266713e-05, 3.9180413e-05]","[1, 0, 1, 0, 1, 1, 0, 0, 1, 0, 0, 1, 1, 1, 0, 0, 1, 1, 0, 0, 0, 1, 1, 0, 0, 0, 1, 1, 0, 1, 1, 0, 0, 1, 0, 0, 0, 0, 1, 0, 0, 1, 0, 0, 0, 0, 1, 1, 1, 1]",No visualization
2024-02-25-22:36:23,100,10,50,1,ORIGINAL,Heart,0.9993999577163921,0.9843189550728427,0,1,8,0.21085782,1,"[8, 95, 29, 23, 73, 40, 62, 50, 18, 9, 35, 83, 37, 79, 30, 45, 84, 7, 92, 77, 71, 1, 42, 57, 60, 11, 4, 58, 39, 47, 76, 86, 48, 44, 70, 81, 24, 53, 14, 38, 15, 61, 69, 72, 0, 12, 22, 10, 75, 87]","[0.21085782, 0.1743974, 0.063802995, 0.048492532, 0.044873696, 0.04100521, 0.029871779, 0.025632288, 0.023962246, 0.023115769, 0.019720076, 0.01858401, 0.018445877, 0.018432539, 0.017930778, 0.017690117, 0.016200136, 0.014343592, 0.013702884, 0.013697891, 0.013139463, 0.013097732, 0.012269517, 0.011477719, 0.010762269, 0.009231897, 0.00905665, 0.008965122, 0.008268479, 0.00808953, 0.007732659, 0.0075778277, 0.006785594, 0.006320161, 0.0032365604, 0.0019782216, 0.0013885229, 0.0011497545, 0.0009387653, 0.0008493713, 0.0005120638, 0.00047289423, 0.00036417574, 0.00034603686, 0.00021004606, 0.00020683574, 0.00019646314, 0.00018722219, 0.00015155297, 8.695484e-05]","[1, 0, 1, 1, 1, 1, 0, 1, 1, 0, 1, 1, 1, 1, 1, 1, 1, 1, 1, 1, 1, 1, 1, 1, 1, 1, 1, 1, 1, 1, 1, 1, 0, 1, 1, 0, 1, 1, 1, 1, 1, 0, 1, 0, 0, 1, 1, 0, 0, 0]",No visualization
2024-02-25-22:36:27,100,10,50,1,REIMPLEMENTED,Heart,0.9967403653532048,0.9660926018263487,0,1,8,0.21897136,1,"[8, 95, 23, 29, 84, 18, 62, 37, 71, 83, 79, 45, 9, 30, 47, 92, 77, 7, 50, 42, 1, 39, 57, 60, 48, 4, 58, 73, 40, 86, 76, 35, 44, 70, 11, 14, 81, 38, 24, 15, 53, 61, 72, 69, 12, 10, 0, 94, 90, 96]","[0.21897136, 0.1464893, 0.08471024, 0.04234359, 0.03452503, 0.029569719, 0.02101001, 0.0208158, 0.020301038, 0.020294964, 0.019087916, 0.019058255, 0.018663844, 0.017702661, 0.017299665, 0.01605907, 0.015593407, 0.015090033, 0.014840504, 0.014385261, 0.0142119, 0.0133695025, 0.013111145, 0.012923063, 0.0123690115, 0.011777528, 0.011443287, 0.011327256, 0.010904835, 0.010070501, 0.009972564, 0.008897842, 0.008611078, 0.005089644, 0.00435266, 0.0022618342, 0.0018909122, 0.0015732202, 0.0014846483, 0.0013820784, 0.0013713519, 0.0012552767, 0.00088898523, 0.00073774, 0.00064100424, 0.0005347135, 0.00052286417, 0.00045207463, 0.00045021597, 0.00044693588]","[1, 0, 1, 1, 1, 1, 0, 1, 1, 1, 1, 1, 0, 1, 1, 1, 1, 1, 1, 1, 1, 1, 1, 1, 0, 1, 1, 1, 1, 1, 1, 1, 1, 1, 1, 1, 0, 1, 1, 1, 1, 0, 0, 1, 1, 0, 0, 0, 0, 0]",No visualization
2024-02-25-22:37:12,100,10,50,1,ORIGINAL,MNIST_MakeCorpus,0.934061443479292,0.9662335919945866,0,1,22,0.40670863,1,"[22, 13, 92, 24, 40, 27, 67, 73, 6, 17, 72, 61, 50, 63, 74, 71, 59, 32, 10, 93, 65, 43, 53, 96, 23, 86, 81, 49, 0, 3, 87, 44, 55, 33, 76, 12, 69, 4, 42, 2, 99, 20, 48, 7, 14, 8, 21, 36, 18, 83]","[0.40670863, 0.20239401, 0.19589096, 0.16656329, 0.018786576, 0.0046095923, 0.00058828434, 0.0005272097, 0.0003915544, 0.00033374585, 0.0002682553, 0.00025947942, 0.00023826097, 0.0002255803, 0.00022186304, 0.00015879852, 8.693669e-05, 8.527047e-05, 8.385181e-05, 7.3444324e-05, 6.689682e-05, 6.2319086e-05, 4.834392e-05, 4.6457724e-05, 4.5718625e-05, 4.0186103e-05, 3.887319e-05, 3.8784947e-05, 3.8375663e-05, 3.837299e-05, 3.8042395e-05, 3.791248e-05, 3.67528e-05, 3.4082645e-05, 3.3340115e-05, 3.253408e-05, 3.150182e-05, 2.6719523e-05, 2.6645394e-05, 2.5789965e-05, 2.5572432e-05, 2.4971736e-05, 2.486551e-05, 2.397154e-05, 2.3942248e-05, 2.2753358e-05, 2.2710325e-05, 2.1655695e-05, 2.15254e-05, 2.1063313e-05]","[1, 6, 3, 4, 7, 5, 1, 9, 1, 1, 6, 0, 1, 1, 7, 1, 8, 1, 1, 2, 4, 9, 0, 6, 3, 2, 0, 1, 9, 6, 0, 0, 0, 0, 0, 0, 6, 4, 4, 5, 9, 9, 7, 0, 6, 5, 4, 8, 6, 5]",No visualization
2024-02-25-22:37:45,100,10,50,1,REIMPLEMENTED,MNIST_MakeCorpus,0.9340699412643579,0.9661849932317882,0,1,22,0.40654945,1,"[22, 13, 92, 24, 40, 27, 67, 73, 6, 17, 61, 72, 50, 63, 74, 71, 59, 32, 10, 93, 65, 43, 53, 96, 23, 86, 81, 49, 87, 3, 0, 44, 55, 33, 76, 12, 69, 4, 42, 2, 99, 20, 48, 7, 14, 8, 21, 41, 78, 94]","[0.40654945, 0.20181155, 0.19570312, 0.16631116, 0.018631935, 0.0050555617, 0.00064973626, 0.00058179925, 0.0004330904, 0.00036943777, 0.00031683213, 0.00029754132, 0.0002640614, 0.00025002775, 0.00024536336, 0.00017623024, 9.664636e-05, 9.482677e-05, 9.324407e-05, 8.172748e-05, 7.437724e-05, 6.919874e-05, 5.461785e-05, 5.170631e-05, 5.071792e-05, 4.4768014e-05, 4.376939e-05, 4.3225606e-05, 4.28117e-05, 4.275825e-05, 4.269945e-05, 4.267738e-05, 4.1337007e-05, 3.8314796e-05, 3.744123e-05, 3.656679e-05, 3.5127625e-05, 2.9765128e-05, 2.9669734e-05, 2.890068e-05, 2.849411e-05, 2.7986482e-05, 2.7897107e-05, 2.6884476e-05, 2.6730315e-05, 2.547372e-05, 2.530493e-05, 2.5284113e-05, 2.4746882e-05, 2.456102e-05]","[1, 6, 3, 4, 7, 5, 1, 9, 1, 1, 0, 6, 1, 1, 7, 1, 8, 1, 1, 2, 4, 9, 0, 6, 3, 2, 0, 1, 0, 6, 9, 0, 0, 0, 0, 0, 6, 4, 4, 5, 9, 9, 7, 0, 6, 5, 4, 9, 2, 2]",No visualization
2024-02-25-22:37:52,100,10,50,2,ORIGINAL,MNIST,0.9309743803915085,0.9649295956155234,0,1,55,0.36852697,1,"[55, 86, 90, 87, 89, 0, 6, 93, 39, 1, 59, 52, 11, 36, 42, 85, 21, 30, 2, 91, 76, 69, 82, 43, 83, 50, 24, 40, 49, 98, 57, 95, 13, 8, 65, 14, 47, 22, 29, 34, 32, 35, 51, 84, 56, 20, 66, 81, 41, 99]","[0.36852697, 0.1812868, 0.17637941, 0.12391955, 0.030563228, 0.025774553, 0.025443587, 0.018271798, 0.01679766, 0.009462425, 0.008281037, 0.004256883, 0.0012600297, 0.0009405089, 0.0007613535, 0.00039840856, 0.000393632, 0.00037888682, 0.00026910796, 0.0002602802, 0.00023979052, 0.00023195148, 0.0002147997, 0.00020805762, 0.00019899779, 0.00019156313, 0.0001862695, 0.00018545486, 0.0001780533, 0.0001763602, 0.00016962718, 0.0001691541, 0.00016062536, 0.00016026135, 0.00016009499, 0.00015774641, 0.00015523762, 0.00015193294, 0.00014808337, 0.00014301528, 0.00013807976, 0.0001370618, 0.00013533844, 0.00013307645, 0.00013193945, 0.00013146995, 0.0001255018, 0.000115873976, 0.000104638995, 0.00010180246]","[1, 1, 1, 1, 1, 6, 6, 1, 1, 1, 1, 5, 8, 8, 6, 8, 6, 8, 0, 6, 6, 0, 0, 0, 5, 8, 5, 5, 7, 0, 5, 0, 2, 9, 5, 9, 7, 9, 9, 9, 7, 7, 9, 5, 9, 2, 9, 3, 2, 6]",No visualization
2024-02-25-22:37:56,100,10,50,2,REIMPLEMENTED,MNIST,0.9309880260611494,0.9648346685198377,0,1,55,0.36858937,1,"[55, 90, 86, 87, 89, 0, 93, 6, 39, 1, 59, 52, 11, 36, 42, 85, 30, 21, 2, 91, 69, 76, 62, 82, 43, 83, 50, 40, 24, 49, 98, 95, 57, 13, 65, 8, 14, 9, 47, 22, 27, 29, 34, 97, 5, 35, 32, 71, 51, 17]","[0.36858937, 0.17836519, 0.1752175, 0.11378247, 0.035009623, 0.029362503, 0.02152421, 0.017541964, 0.016698455, 0.011648448, 0.010269182, 0.0045832223, 0.0014356552, 0.0010512683, 0.00089567935, 0.00047918377, 0.00044693728, 0.00043861286, 0.0003404362, 0.0003233211, 0.0002932806, 0.0002816627, 0.0002771176, 0.0002715855, 0.0002631411, 0.000246852, 0.0002439392, 0.00023061255, 0.00022999187, 0.00022429439, 0.0002232221, 0.00021371401, 0.00021273042, 0.00020198445, 0.00020044862, 0.00019980191, 0.00019898919, 0.0001989812, 0.00019547471, 0.00019184039, 0.00019084879, 0.000185307, 0.00017920653, 0.00017832904, 0.00017413667, 0.00017380543, 0.00017360714, 0.0001718374, 0.00017082419, 0.00016951276]","[1, 1, 1, 1, 1, 6, 1, 6, 1, 1, 1, 5, 8, 8, 6, 8, 8, 6, 0, 6, 0, 6, 5, 0, 0, 5, 8, 5, 5, 7, 0, 0, 5, 2, 5, 9, 9, 5, 7, 9, 8, 9, 9, 4, 5, 7, 7, 6, 9, 8]",No visualization
2024-02-25-22:39:15,100,10,50,2,ORIGINAL,CaD,-4.333213406179834,0.8861422251715032,0,1,71,0.24718283,1,"[71, 25, 14, 32, 0, 26, 28, 17, 58, 9, 7, 92, 27, 99, 62, 3, 68, 81, 74, 64, 57, 35, 84, 77, 91, 38, 95, 98, 75, 55, 20, 12, 86, 97, 10, 37, 88, 15, 87, 2, 63, 89, 79, 76, 51, 5, 96, 94, 4, 73]","[0.24718283, 0.17184827, 0.14502776, 0.13432345, 0.08535187, 0.07649641, 0.062380478, 0.035642155, 0.034016274, 0.004221955, 0.00046891917, 0.000418731, 0.00035681057, 0.000175786, 0.00014952436, 0.00013661038, 0.00012670468, 9.4280724e-05, 8.6012304e-05, 8.581554e-05, 7.808971e-05, 7.5439464e-05, 6.208003e-05, 6.0529506e-05, 5.212782e-05, 4.8407954e-05, 4.1716336e-05, 3.8407736e-05, 3.5298403e-05, 3.4541008e-05, 2.7905364e-05, 2.6600455e-05, 2.5709023e-05, 2.5697502e-05, 2.513281e-05, 2.3510218e-05, 2.3496588e-05, 2.3074119e-05, 2.2797578e-05, 2.2213751e-05, 2.177984e-05, 2.1630842e-05, 2.0843623e-05, 2.0818452e-05, 2.0729378e-05, 2.066316e-05, 2.0480062e-05, 2.0297713e-05, 1.9934167e-05, 1.7728444e-05]","[1, 1, 1, 0, 1, 0, 0, 1, 1, 1, 1, 1, 1, 1, 1, 0, 0, 0, 1, 1, 1, 1, 1, 1, 0, 1, 1, 1, 0, 1, 1, 1, 0, 1, 0, 0, 0, 0, 0, 0, 0, 0, 1, 1, 0, 0, 1, 0, 1, 0]",No visualization
2024-02-25-22:40:34,100,10,50,2,REIMPLEMENTED,CaD,-4.327036037816088,0.8861825199173521,0,1,71,0.24702315,1,"[71, 25, 14, 32, 0, 26, 28, 17, 58, 9, 7, 92, 27, 99, 62, 3, 68, 81, 74, 64, 57, 35, 84, 77, 91, 38, 95, 98, 75, 55, 20, 12, 86, 97, 10, 37, 88, 15, 87, 2, 63, 89, 23, 5, 79, 51, 76, 96, 94, 4]","[0.24702315, 0.17157249, 0.14506379, 0.13390283, 0.085157014, 0.07645968, 0.06229121, 0.03574156, 0.034147844, 0.0045610345, 0.0005125548, 0.00045721277, 0.00039022334, 0.00019257885, 0.00016380602, 0.00014965038, 0.00013890023, 0.00010350524, 9.426709e-05, 9.410406e-05, 8.5710955e-05, 8.2735794e-05, 6.8057e-05, 6.641088e-05, 5.719655e-05, 5.3156222e-05, 4.581291e-05, 4.220286e-05, 3.8760812e-05, 3.7923266e-05, 3.064797e-05, 2.9212582e-05, 2.8373326e-05, 2.82063e-05, 2.7732292e-05, 2.596004e-05, 2.5819947e-05, 2.5449044e-05, 2.5150106e-05, 2.4502575e-05, 2.4048115e-05, 2.3860379e-05, 2.3189878e-05, 2.2922113e-05, 2.2915425e-05, 2.2902752e-05, 2.2859982e-05, 2.2501925e-05, 2.2285563e-05, 2.1906333e-05]","[1, 1, 1, 0, 1, 0, 0, 1, 1, 1, 1, 1, 1, 1, 1, 0, 0, 0, 1, 1, 1, 1, 1, 1, 0, 1, 1, 1, 0, 1, 1, 1, 0, 1, 0, 0, 0, 0, 0, 0, 0, 0, 0, 0, 1, 0, 1, 1, 0, 1]",No visualization
2024-02-25-22:40:40,100,10,50,2,ORIGINAL,Heart,0.9983387751486554,0.9448047398805428,0,0,60,0.35465756,0,"[60, 45, 4, 17, 21, 67, 98, 70, 35, 27, 56, 30, 69, 5, 91, 77, 72, 83, 76, 80, 40, 48, 33, 23, 95, 29, 41, 57, 51, 97, 75, 54, 55, 25, 61, 16, 59, 92, 46, 82, 12, 10, 20, 73, 2, 84, 85, 79, 71, 89]","[0.35465756, 0.21968456, 0.11325412, 0.087425865, 0.08286038, 0.029290589, 0.0288859, 0.01727435, 0.010815719, 0.0091647385, 0.009017252, 0.008059437, 0.0053466214, 0.004414361, 0.0032155523, 0.002719757, 0.0026199908, 0.0015375341, 0.00091955723, 0.000793602, 0.00066618354, 0.0005354941, 0.00052838144, 0.00047156957, 0.00046416448, 0.00041567854, 0.00040879793, 0.00038923233, 0.00037288855, 0.00034694577, 0.00033954918, 0.00029149416, 0.00028549923, 0.0002524036, 0.00024022975, 0.00022174077, 0.00020588179, 0.00019883084, 0.00017086392, 0.00015608117, 0.0001315441, 0.00012146643, 9.226036e-05, 7.077585e-05, 7.061741e-05, 7.054573e-05, 7.02382e-05, 6.992434e-05, 6.9826514e-05, 6.770672e-05]","[0, 0, 0, 0, 0, 0, 0, 0, 0, 0, 0, 0, 0, 0, 0, 0, 0, 0, 0, 0, 0, 0, 0, 1, 0, 0, 0, 0, 0, 0, 0, 0, 0, 0, 0, 0, 0, 0, 0, 1, 0, 0, 1, 1, 1, 1, 1, 1, 1, 1]",No visualization
2024-02-25-22:40:44,100,10,50,2,REIMPLEMENTED,Heart,0.9977418283156405,0.9409386819863993,0,0,60,0.2985951,0,"[60, 45, 17, 4, 98, 21, 67, 70, 35, 27, 69, 30, 56, 5, 91, 72, 77, 83, 76, 80, 40, 48, 33, 95, 23, 29, 57, 41, 51, 75, 97, 54, 55, 25, 61, 16, 59, 92, 46, 82, 12, 10, 7, 18, 53, 31, 26, 19, 64, 66]","[0.2985951, 0.21113856, 0.12298216, 0.11335018, 0.045332324, 0.03172491, 0.024827877, 0.018484786, 0.018474896, 0.017089883, 0.0124548925, 0.012122899, 0.010409948, 0.009927687, 0.006289193, 0.005886998, 0.0032820536, 0.0029235373, 0.0018657993, 0.0015919217, 0.0014755148, 0.0012834225, 0.0011794992, 0.001082884, 0.001026405, 0.0009553083, 0.00094100134, 0.00093320134, 0.000887335, 0.00083283515, 0.000819766, 0.0007236256, 0.00070587697, 0.0006390805, 0.0006178183, 0.0005766562, 0.0005310572, 0.000517198, 0.00045713154, 0.0004210711, 0.0003630606, 0.0003448327, 0.00028813496, 0.0002838435, 0.0002800859, 0.0002790187, 0.00027874022, 0.00027768943, 0.0002761781, 0.00027566968]","[0, 0, 0, 0, 0, 0, 0, 0, 0, 0, 0, 0, 0, 0, 0, 0, 0, 0, 0, 0, 0, 0, 0, 0, 1, 0, 0, 0, 0, 0, 0, 0, 0, 0, 0, 0, 0, 0, 0, 1, 0, 0, 1, 1, 1, 1, 1, 1, 1, 1]",No visualization
2024-02-25-22:41:25,100,10,50,2,ORIGINAL,MNIST_MakeCorpus,0.9324576347997301,0.9634671249132275,0,1,82,0.2983103,1,"[82, 86, 39, 55, 40, 81, 1, 59, 95, 18, 10, 80, 83, 6, 41, 70, 64, 61, 24, 30, 77, 45, 11, 96, 88, 97, 37, 90, 99, 47, 9, 8, 98, 66, 7, 57, 52, 43, 34, 73, 48, 56, 89, 87, 50, 44, 0, 92, 94, 25]","[0.2983103, 0.29511058, 0.29085633, 0.09717255, 0.005488443, 0.0016801332, 0.0015456236, 0.0015404563, 0.00079263304, 0.0007141982, 0.0006270647, 0.00043693715, 0.00036784535, 0.0002702394, 0.00026655447, 0.00022625206, 0.00022182315, 0.00019491157, 0.0001946012, 0.00013871095, 0.00011315646, 0.0001075939, 0.00010695925, 0.00010686172, 0.000106318796, 0.000103769795, 0.00010167443, 0.00010081332, 9.9981335e-05, 9.991128e-05, 9.9456774e-05, 9.783484e-05, 9.613177e-05, 9.6003416e-05, 9.492802e-05, 9.3584546e-05, 9.184485e-05, 8.952352e-05, 8.9106405e-05, 8.828599e-05, 8.573841e-05, 8.362258e-05, 8.217984e-05, 8.1826125e-05, 8.1404105e-05, 8.0557445e-05, 7.890701e-05, 7.86239e-05, 6.945732e-05, 6.701057e-05]","[1, 1, 1, 1, 5, 1, 1, 1, 1, 2, 7, 1, 1, 6, 2, 6, 5, 5, 5, 8, 0, 3, 8, 0, 0, 0, 6, 0, 0, 7, 5, 9, 0, 0, 7, 5, 5, 0, 9, 6, 9, 9, 4, 4, 8, 3, 6, 2, 2, 3]",No visualization
2024-02-25-22:42:00,100,10,50,2,REIMPLEMENTED,MNIST_MakeCorpus,0.9324736909954054,0.9634223011904215,0,1,82,0.29840022,1,"[82, 86, 39, 55, 40, 81, 1, 59, 95, 18, 10, 80, 83, 41, 6, 24, 70, 64, 61, 30, 84, 77, 96, 88, 45, 11, 97, 4, 90, 99, 9, 47, 37, 8, 98, 66, 7, 57, 52, 78, 43, 34, 73, 12, 21, 48, 56, 2, 50, 44]","[0.29840022, 0.2975829, 0.28365192, 0.09530866, 0.006187445, 0.0020860648, 0.0019413494, 0.0019288226, 0.0009980686, 0.00089807244, 0.00078563526, 0.0005512016, 0.00046414742, 0.0003371702, 0.00033081102, 0.0003236985, 0.00028740976, 0.00028285163, 0.00024861668, 0.0001761081, 0.000156668, 0.00014795885, 0.0001392745, 0.00013878162, 0.00013624811, 0.00013610168, 0.0001354064, 0.00013213114, 0.00013148542, 0.00013026886, 0.00012923754, 0.00012818449, 0.00012756005, 0.00012628283, 0.00012519892, 0.00012493407, 0.00012197011, 0.00012119395, 0.00011910349, 0.000116321164, 0.00011625579, 0.00011406783, 0.00011399611, 0.00011253797, 0.00011046358, 0.00010984971, 0.00010762572, 0.000106470594, 0.00010415905, 0.00010244256]","[1, 1, 1, 1, 5, 1, 1, 1, 1, 2, 7, 1, 1, 2, 6, 5, 6, 5, 5, 8, 6, 0, 0, 0, 3, 8, 0, 9, 0, 0, 5, 7, 6, 9, 0, 0, 7, 5, 5, 5, 0, 9, 6, 5, 6, 9, 9, 0, 8, 3]",No visualization
