timestamp;corpus_size;test_size;decomposition_size;cv;model_type;dataset;latent_r2_score;output_r2_score;test_id;target;most_imp_corpus_id;most_imp_corpus_weight;most_imp_corpus_target;corpus_ids;corpus_weight;corpus_targets;visualization
2024-02-25-14:40:45;50;10;5;0;ORIGINAL;CaD;0.40719554502378347;0.8857831723085539;0;0;2;0.23750374;0;[2, 9, 8, 10, 7];[0.23750374, 0.23582184, 0.2025061, 0.16644391, 0.15654221];[0, 0, 0, 0, 0];files/images/Dataset.CaD_0_0_Model_Type.ORIGINAL.png
2024-02-25-14:41:14;50;10;5;0;ORIGINAL_COMPACT;CaD;0.40719554502378347;0.8857831723085539;0;0;2;0.23750374;0;[2, 9, 8, 10, 7];[0.23750374, 0.23582184, 0.2025061, 0.16644391, 0.15654221];[0, 0, 0, 0, 0];files/images/Dataset.CaD_0_0_Model_Type.ORIGINAL_COMPACT.png
2024-02-25-14:41:42;50;10;5;0;REIMPLEMENTED;CaD;0.6008213897484056;0.8853980104883385;0;0;2;0.24701646;0;[2, 8, 10, 7, 15];[0.24701646, 0.15813863, 0.14745864, 0.14592372, 0.12408531];[0, 0, 0, 0, 0];files/images/Dataset.CaD_0_0_Model_Type.REIMPLEMENTED.png
2024-02-25-14:42:16;50;10;5;1;ORIGINAL;CaD;0.806634844907524;0.8901033119959432;0;0;41;0.27277273;1;[41, 4, 3, 16, 1];[0.27277273, 0.23461986, 0.19968826, 0.19303711, 0.09919849];[1, 0, 0, 0, 0];files/images/Dataset.CaD_1_0_Model_Type.ORIGINAL.png
2024-02-25-14:42:49;50;10;5;1;ORIGINAL_COMPACT;CaD;0.806634844907524;0.8901033119959432;0;0;41;0.27277273;1;[41, 4, 3, 16, 1];[0.27277273, 0.23461986, 0.19968826, 0.19303711, 0.09919849];[1, 0, 0, 0, 0];files/images/Dataset.CaD_1_0_Model_Type.ORIGINAL_COMPACT.png
2024-02-25-14:43:20;50;10;5;1;REIMPLEMENTED;CaD;0.8139573799669088;0.8805961831171439;0;0;41;0.21041736;1;[41, 3, 1, 45, 16];[0.21041736, 0.19348061, 0.13821396, 0.12728247, 0.09423435];[1, 0, 0, 1, 0];files/images/Dataset.CaD_1_0_Model_Type.REIMPLEMENTED.png
2024-02-25-14:43:52;50;10;10;0;ORIGINAL;CaD;0.5150970513459965;0.886733472731526;0;0;2;0.24747679;0;[2, 8, 10, 7, 15, 32, 9, 6, 3, 21];[0.24747679, 0.15843801, 0.14997798, 0.14708704, 0.12680867, 0.09654256, 0.05017636, 0.015013432, 0.006912043, 0.0007302887];[0, 0, 0, 0, 0, 1, 0, 0, 0, 0];files/images/Dataset.CaD_0_0_Model_Type.ORIGINAL.png
2024-02-25-14:44:24;50;10;10;0;ORIGINAL_COMPACT;CaD;0.5150970513459965;0.886733472731526;0;0;2;0.24747679;0;[2, 8, 10, 7, 15, 32, 9, 6, 3, 21];[0.24747679, 0.15843801, 0.14997798, 0.14708704, 0.12680867, 0.09654256, 0.05017636, 0.015013432, 0.006912043, 0.0007302887];[0, 0, 0, 0, 0, 1, 0, 0, 0, 0];files/images/Dataset.CaD_0_0_Model_Type.ORIGINAL_COMPACT.png
2024-02-25-14:44:55;50;10;10;0;REIMPLEMENTED;CaD;0.5255395208200491;0.8893714356339143;0;0;2;0.24701646;0;[2, 8, 10, 7, 15, 32, 9, 6, 3, 21];[0.24701646, 0.15813863, 0.14745864, 0.14592372, 0.12408531, 0.09558867, 0.04973921, 0.018956915, 0.008010975, 0.0011344685];[0, 0, 0, 0, 0, 1, 0, 0, 0, 0];files/images/Dataset.CaD_0_0_Model_Type.REIMPLEMENTED.png
2024-02-25-14:45:27;50;10;10;1;ORIGINAL;CaD;0.8128006216796788;0.8846355654116594;0;0;41;0.21305358;1;[41, 3, 1, 45, 16, 4, 19, 2, 14, 31];[0.21305358, 0.18842499, 0.13783836, 0.13457923, 0.10172688, 0.089142516, 0.07231014, 0.059407145, 0.0028229186, 0.00015776599];[1, 0, 0, 1, 0, 0, 0, 0, 0, 1];files/images/Dataset.CaD_1_0_Model_Type.ORIGINAL.png
2024-02-25-14:46:00;50;10;10;1;ORIGINAL_COMPACT;CaD;0.8128006216796788;0.8846355654116594;0;0;41;0.21305358;1;[41, 3, 1, 45, 16, 4, 19, 2, 14, 31];[0.21305358, 0.18842499, 0.13783836, 0.13457923, 0.10172688, 0.089142516, 0.07231014, 0.059407145, 0.0028229186, 0.00015776599];[1, 0, 0, 1, 0, 0, 0, 0, 0, 1];files/images/Dataset.CaD_1_0_Model_Type.ORIGINAL_COMPACT.png
2024-02-25-14:46:31;50;10;10;1;REIMPLEMENTED;CaD;0.8134374062446718;0.8845600896003445;0;0;41;0.21041736;1;[41, 3, 1, 45, 16, 4, 19, 2, 6, 14];[0.21041736, 0.19348061, 0.13821396, 0.12728247, 0.09423435, 0.0829636, 0.07090342, 0.049406976, 0.01561121, 0.005998816];[1, 0, 0, 1, 0, 0, 0, 0, 0, 0];files/images/Dataset.CaD_1_0_Model_Type.REIMPLEMENTED.png
2024-02-25-14:47:03;50;10;50;0;ORIGINAL;CaD;0.5217222754993274;0.8899562791257258;0;0;2;0.24701646;0;[2, 8, 10, 7, 15, 32, 9, 6, 3, 21, 14, 22, 13, 33, 48, 34, 47, 49, 45, 46, 40, 27, 25, 35, 26, 30, 36, 42, 24, 4, 37, 12, 0, 5, 23, 41, 44, 38, 1, 39, 31, 11, 29, 17, 16, 19, 20, 28, 43, 18];[0.24701646, 0.15813863, 0.14745864, 0.14592372, 0.12408531, 0.09558867, 0.04973921, 0.018956915, 0.008010975, 0.0011344685, 0.00079491804, 0.00042138598, 0.0001648651, 0.000117713644, 0.00011757794, 0.000113199894, 0.00010839424, 0.000106535845, 9.772504e-05, 9.764101e-05, 9.532523e-05, 9.447685e-05, 8.885551e-05, 8.614907e-05, 8.171324e-05, 7.604891e-05, 7.2157774e-05, 7.061576e-05, 6.860161e-05, 6.6461034e-05, 6.4906366e-05, 6.262148e-05, 6.1005645e-05, 6.006591e-05, 5.9487007e-05, 5.9453145e-05, 5.533526e-05, 5.5289835e-05, 5.469173e-05, 5.4596203e-05, 5.447689e-05, 5.0361657e-05, 4.8988706e-05, 4.606234e-05, 4.3981003e-05, 3.9453018e-05, 3.7938556e-05, 3.6188172e-05, 3.1433905e-05, 3.0346473e-05];[0, 0, 0, 0, 0, 1, 0, 0, 0, 0, 0, 0, 0, 1, 1, 1, 1, 1, 1, 1, 1, 1, 1, 1, 1, 1, 1, 1, 0, 0, 1, 0, 0, 0, 0, 1, 1, 1, 0, 1, 1, 0, 1, 0, 0, 0, 0, 1, 1, 0];files/images/Dataset.CaD_0_0_Model_Type.ORIGINAL.png
2024-02-25-14:47:37;50;10;50;0;ORIGINAL_COMPACT;CaD;0.5217222754993274;0.8899562791257258;0;0;2;0.24701646;0;[2, 8, 10, 7, 15, 32, 9, 6, 3, 21, 14, 22, 13, 33, 48, 34, 47, 49, 45, 46, 40, 27, 25, 35, 26, 30, 36, 42, 24, 4, 37, 12, 0, 5, 23, 41, 44, 38, 1, 39, 31, 11, 29, 17, 16, 19, 20, 28, 43, 18];[0.24701646, 0.15813863, 0.14745864, 0.14592372, 0.12408531, 0.09558867, 0.04973921, 0.018956915, 0.008010975, 0.0011344685, 0.00079491804, 0.00042138598, 0.0001648651, 0.000117713644, 0.00011757794, 0.000113199894, 0.00010839424, 0.000106535845, 9.772504e-05, 9.764101e-05, 9.532523e-05, 9.447685e-05, 8.885551e-05, 8.614907e-05, 8.171324e-05, 7.604891e-05, 7.2157774e-05, 7.061576e-05, 6.860161e-05, 6.6461034e-05, 6.4906366e-05, 6.262148e-05, 6.1005645e-05, 6.006591e-05, 5.9487007e-05, 5.9453145e-05, 5.533526e-05, 5.5289835e-05, 5.469173e-05, 5.4596203e-05, 5.447689e-05, 5.0361657e-05, 4.8988706e-05, 4.606234e-05, 4.3981003e-05, 3.9453018e-05, 3.7938556e-05, 3.6188172e-05, 3.1433905e-05, 3.0346473e-05];[0, 0, 0, 0, 0, 1, 0, 0, 0, 0, 0, 0, 0, 1, 1, 1, 1, 1, 1, 1, 1, 1, 1, 1, 1, 1, 1, 1, 0, 0, 1, 0, 0, 0, 0, 1, 1, 1, 0, 1, 1, 0, 1, 0, 0, 0, 0, 1, 1, 0];files/images/Dataset.CaD_0_0_Model_Type.ORIGINAL_COMPACT.png
2024-02-25-14:48:08;50;10;50;0;REIMPLEMENTED;CaD;0.5217222754993274;0.8899562791257258;0;0;2;0.24701646;0;[2, 8, 10, 7, 15, 32, 9, 6, 3, 21, 14, 22, 13, 33, 48, 34, 47, 49, 45, 46, 40, 27, 25, 35, 26, 30, 36, 42, 24, 4, 37, 12, 0, 5, 23, 41, 44, 38, 1, 39, 31, 11, 29, 17, 16, 19, 20, 28, 43, 18];[0.24701646, 0.15813863, 0.14745864, 0.14592372, 0.12408531, 0.09558867, 0.04973921, 0.018956915, 0.008010975, 0.0011344685, 0.00079491804, 0.00042138598, 0.0001648651, 0.000117713644, 0.00011757794, 0.000113199894, 0.00010839424, 0.000106535845, 9.772504e-05, 9.764101e-05, 9.532523e-05, 9.447685e-05, 8.885551e-05, 8.614907e-05, 8.171324e-05, 7.604891e-05, 7.2157774e-05, 7.061576e-05, 6.860161e-05, 6.6461034e-05, 6.4906366e-05, 6.262148e-05, 6.1005645e-05, 6.006591e-05, 5.9487007e-05, 5.9453145e-05, 5.533526e-05, 5.5289835e-05, 5.469173e-05, 5.4596203e-05, 5.447689e-05, 5.0361657e-05, 4.8988706e-05, 4.606234e-05, 4.3981003e-05, 3.9453018e-05, 3.7938556e-05, 3.6188172e-05, 3.1433905e-05, 3.0346473e-05];[0, 0, 0, 0, 0, 1, 0, 0, 0, 0, 0, 0, 0, 1, 1, 1, 1, 1, 1, 1, 1, 1, 1, 1, 1, 1, 1, 1, 0, 0, 1, 0, 0, 0, 0, 1, 1, 1, 0, 1, 1, 0, 1, 0, 0, 0, 0, 1, 1, 0];files/images/Dataset.CaD_0_0_Model_Type.REIMPLEMENTED.png
2024-02-25-14:48:40;50;10;50;1;ORIGINAL;CaD;0.8131523919389989;0.8846589823980212;0;0;41;0.21041736;1;[41, 3, 1, 45, 16, 4, 19, 2, 6, 14, 49, 34, 24, 30, 31, 42, 9, 7, 25, 21, 17, 8, 26, 35, 37, 40, 27, 47, 44, 33, 10, 32, 23, 46, 0, 20, 29, 28, 48, 39, 11, 36, 15, 43, 38, 18, 22, 12, 13, 5];[0.21041736, 0.19348061, 0.13821396, 0.12728247, 0.09423435, 0.0829636, 0.07090342, 0.049406976, 0.01561121, 0.005998816, 0.0059893983, 0.000896723, 0.00041673047, 0.00038928344, 0.00032265822, 0.00022380393, 0.00022051748, 0.00020218285, 0.00018753202, 0.00018093213, 0.00015515357, 0.00014617688, 0.00011493125, 0.00011319906, 0.000113165814, 0.000110304434, 0.00010803189, 0.000102767495, 0.00010083584, 9.623337e-05, 9.590469e-05, 9.588092e-05, 9.0658184e-05, 8.2650455e-05, 7.917776e-05, 7.7238234e-05, 7.711698e-05, 7.588896e-05, 7.373875e-05, 7.265347e-05, 6.554427e-05, 6.270193e-05, 5.8264992e-05, 5.363386e-05, 5.0497292e-05, 4.9304104e-05, 4.0540708e-05, 3.77685e-05, 3.1041134e-05, 2.6402317e-05];[1, 0, 0, 1, 0, 0, 0, 0, 0, 0, 1, 1, 0, 1, 1, 1, 0, 0, 1, 0, 0, 0, 1, 1, 1, 1, 1, 1, 1, 1, 0, 1, 0, 1, 0, 0, 1, 1, 1, 1, 0, 1, 0, 1, 1, 0, 0, 0, 0, 0];files/images/Dataset.CaD_1_0_Model_Type.ORIGINAL.png
2024-02-25-14:49:12;50;10;50;1;ORIGINAL_COMPACT;CaD;0.8131523919389989;0.8846589823980212;0;0;41;0.21041736;1;[41, 3, 1, 45, 16, 4, 19, 2, 6, 14, 49, 34, 24, 30, 31, 42, 9, 7, 25, 21, 17, 8, 26, 35, 37, 40, 27, 47, 44, 33, 10, 32, 23, 46, 0, 20, 29, 28, 48, 39, 11, 36, 15, 43, 38, 18, 22, 12, 13, 5];[0.21041736, 0.19348061, 0.13821396, 0.12728247, 0.09423435, 0.0829636, 0.07090342, 0.049406976, 0.01561121, 0.005998816, 0.0059893983, 0.000896723, 0.00041673047, 0.00038928344, 0.00032265822, 0.00022380393, 0.00022051748, 0.00020218285, 0.00018753202, 0.00018093213, 0.00015515357, 0.00014617688, 0.00011493125, 0.00011319906, 0.000113165814, 0.000110304434, 0.00010803189, 0.000102767495, 0.00010083584, 9.623337e-05, 9.590469e-05, 9.588092e-05, 9.0658184e-05, 8.2650455e-05, 7.917776e-05, 7.7238234e-05, 7.711698e-05, 7.588896e-05, 7.373875e-05, 7.265347e-05, 6.554427e-05, 6.270193e-05, 5.8264992e-05, 5.363386e-05, 5.0497292e-05, 4.9304104e-05, 4.0540708e-05, 3.77685e-05, 3.1041134e-05, 2.6402317e-05];[1, 0, 0, 1, 0, 0, 0, 0, 0, 0, 1, 1, 0, 1, 1, 1, 0, 0, 1, 0, 0, 0, 1, 1, 1, 1, 1, 1, 1, 1, 0, 1, 0, 1, 0, 0, 1, 1, 1, 1, 0, 1, 0, 1, 1, 0, 0, 0, 0, 0];files/images/Dataset.CaD_1_0_Model_Type.ORIGINAL_COMPACT.png
2024-02-25-14:49:42;50;10;50;1;REIMPLEMENTED;CaD;0.8131523919389989;0.8846589823980212;0;0;41;0.21041736;1;[41, 3, 1, 45, 16, 4, 19, 2, 6, 14, 49, 34, 24, 30, 31, 42, 9, 7, 25, 21, 17, 8, 26, 35, 37, 40, 27, 47, 44, 33, 10, 32, 23, 46, 0, 20, 29, 28, 48, 39, 11, 36, 15, 43, 38, 18, 22, 12, 13, 5];[0.21041736, 0.19348061, 0.13821396, 0.12728247, 0.09423435, 0.0829636, 0.07090342, 0.049406976, 0.01561121, 0.005998816, 0.0059893983, 0.000896723, 0.00041673047, 0.00038928344, 0.00032265822, 0.00022380393, 0.00022051748, 0.00020218285, 0.00018753202, 0.00018093213, 0.00015515357, 0.00014617688, 0.00011493125, 0.00011319906, 0.000113165814, 0.000110304434, 0.00010803189, 0.000102767495, 0.00010083584, 9.623337e-05, 9.590469e-05, 9.588092e-05, 9.0658184e-05, 8.2650455e-05, 7.917776e-05, 7.7238234e-05, 7.711698e-05, 7.588896e-05, 7.373875e-05, 7.265347e-05, 6.554427e-05, 6.270193e-05, 5.8264992e-05, 5.363386e-05, 5.0497292e-05, 4.9304104e-05, 4.0540708e-05, 3.77685e-05, 3.1041134e-05, 2.6402317e-05];[1, 0, 0, 1, 0, 0, 0, 0, 0, 0, 1, 1, 0, 1, 1, 1, 0, 0, 1, 0, 0, 0, 1, 1, 1, 1, 1, 1, 1, 1, 0, 1, 0, 1, 0, 0, 1, 1, 1, 1, 0, 1, 0, 1, 1, 0, 0, 0, 0, 0];files/images/Dataset.CaD_1_0_Model_Type.REIMPLEMENTED.png
2024-02-25-14:50:56;100;10;5;0;ORIGINAL;CaD;-0.3441554040748963;0.9425166903116942;0;0;17;0.26145214;0;[17, 29, 10, 23, 33];[0.26145214, 0.21220382, 0.19807008, 0.18822552, 0.13868466];[0, 0, 0, 0, 0];files/images/Dataset.CaD_0_0_Model_Type.ORIGINAL.png
2024-02-25-14:52:00;100;10;5;0;ORIGINAL_COMPACT;CaD;-0.3441554040748963;0.9425166903116942;0;0;17;0.26145214;0;[17, 29, 10, 23, 33];[0.26145214, 0.21220382, 0.19807008, 0.18822552, 0.13868466];[0, 0, 0, 0, 0];files/images/Dataset.CaD_0_0_Model_Type.ORIGINAL_COMPACT.png
2024-02-25-14:53:03;100;10;5;0;REIMPLEMENTED;CaD;0.12943982437903523;0.9344537580099402;0;0;17;0.21251367;0;[17, 29, 10, 23, 33];[0.21251367, 0.19412877, 0.15983337, 0.14152636, 0.10452242];[0, 0, 0, 0, 0];files/images/Dataset.CaD_0_0_Model_Type.REIMPLEMENTED.png
2024-02-25-14:54:06;100;10;5;1;ORIGINAL;CaD;0.7744290242701296;0.9782636955503683;0;0;18;0.26182914;0;[18, 7, 38, 46, 28];[0.26182914, 0.25256896, 0.24464874, 0.1407783, 0.09904287];[0, 0, 0, 0, 0];files/images/Dataset.CaD_1_0_Model_Type.ORIGINAL.png
2024-02-25-14:55:16;100;10;5;1;ORIGINAL_COMPACT;CaD;0.7744290242701296;0.9782636955503683;0;0;18;0.26182914;0;[18, 7, 38, 46, 28];[0.26182914, 0.25256896, 0.24464874, 0.1407783, 0.09904287];[0, 0, 0, 0, 0];files/images/Dataset.CaD_1_0_Model_Type.ORIGINAL_COMPACT.png
2024-02-25-14:56:23;100;10;5;1;REIMPLEMENTED;CaD;0.8006944875584876;0.9502890566661671;0;0;7;0.23818368;0;[7, 38, 18, 46, 28];[0.23818368, 0.19237779, 0.15487272, 0.11890464, 0.08449774];[0, 0, 0, 0, 0];files/images/Dataset.CaD_1_0_Model_Type.REIMPLEMENTED.png
2024-02-25-14:57:33;100;10;10;0;ORIGINAL;CaD;-0.03777403027924525;0.943399871239904;0;0;17;0.21277888;0;[17, 29, 10, 23, 33, 37, 22, 8, 35, 42];[0.21277888, 0.19214007, 0.16889873, 0.15243538, 0.1114654, 0.05591883, 0.055752452, 0.048848238, 0.0004887939, 0.0002249213];[0, 0, 0, 0, 0, 0, 0, 0, 0, 0];files/images/Dataset.CaD_0_0_Model_Type.ORIGINAL.png
2024-02-25-14:58:53;100;10;10;0;ORIGINAL_COMPACT;CaD;-0.03777403027924525;0.943399871239904;0;0;17;0.21277888;0;[17, 29, 10, 23, 33, 37, 22, 8, 35, 42];[0.21277888, 0.19214007, 0.16889873, 0.15243538, 0.1114654, 0.05591883, 0.055752452, 0.048848238, 0.0004887939, 0.0002249213];[0, 0, 0, 0, 0, 0, 0, 0, 0, 0];files/images/Dataset.CaD_0_0_Model_Type.ORIGINAL_COMPACT.png
2024-02-25-15:00:04;100;10;10;0;REIMPLEMENTED;CaD;-0.034019467443533125;0.9410736933504606;0;0;17;0.21251367;0;[17, 29, 10, 23, 33, 8, 22, 37, 5, 35];[0.21251367, 0.19412877, 0.15983337, 0.14152636, 0.10452242, 0.059319697, 0.042649616, 0.040848624, 0.039329767, 0.0008025258];[0, 0, 0, 0, 0, 0, 0, 0, 0, 0];files/images/Dataset.CaD_0_0_Model_Type.REIMPLEMENTED.png
2024-02-25-15:01:12;100;10;10;1;ORIGINAL;CaD;0.7879149935868921;0.9840756573842486;0;0;7;0.22845462;0;[7, 38, 18, 46, 28, 4, 35, 33, 0, 84];[0.22845462, 0.17824647, 0.17452635, 0.12796798, 0.08358555, 0.08053137, 0.046061624, 0.04062676, 0.03861657, 0.00045528155];[0, 0, 0, 0, 0, 0, 0, 0, 0, 1];files/images/Dataset.CaD_1_0_Model_Type.ORIGINAL.png
2024-02-25-15:02:26;100;10;10;1;ORIGINAL_COMPACT;CaD;0.7879149935868921;0.9840756573842486;0;0;7;0.22845462;0;[7, 38, 18, 46, 28, 4, 35, 33, 0, 84];[0.22845462, 0.17824647, 0.17452635, 0.12796798, 0.08358555, 0.08053137, 0.046061624, 0.04062676, 0.03861657, 0.00045528155];[0, 0, 0, 0, 0, 0, 0, 0, 0, 1];files/images/Dataset.CaD_1_0_Model_Type.ORIGINAL_COMPACT.png
2024-02-25-15:03:38;100;10;10;1;REIMPLEMENTED;CaD;0.7922568185321048;0.9831854487766544;0;0;7;0.23818368;0;[7, 38, 18, 46, 28, 37, 35, 33, 86, 0];[0.23818368, 0.19237779, 0.15487272, 0.11890464, 0.08449774, 0.044998057, 0.039715435, 0.034949534, 0.01993851, 0.019788763];[0, 0, 0, 0, 0, 0, 0, 0, 1, 0];files/images/Dataset.CaD_1_0_Model_Type.REIMPLEMENTED.png
2024-02-25-15:04:53;100;10;50;0;ORIGINAL;CaD;-0.041039906522940484;0.9416292136481793;0;0;17;0.21313341;0;[17, 29, 10, 23, 33, 8, 22, 37, 5, 35, 32, 42, 21, 0, 39, 15, 43, 4, 30, 55, 25, 11, 96, 87, 58, 99, 24, 68, 9, 41, 82, 63, 38, 92, 64, 70, 61, 94, 51, 81, 6, 50, 91, 60, 73, 40, 56, 59, 75, 88];[0.21313341, 0.1943228, 0.1602771, 0.14192785, 0.10451574, 0.05867402, 0.04310236, 0.040778637, 0.039274108, 0.0006772212, 0.00035371006, 0.0002793247, 0.00024913804, 0.00021151935, 0.00011073656, 0.00010611838, 9.0342066e-05, 8.407202e-05, 7.820852e-05, 7.317582e-05, 7.224787e-05, 6.6976965e-05, 5.990776e-05, 5.8319878e-05, 5.4726872e-05, 5.446196e-05, 4.867481e-05, 4.4404464e-05, 4.4365563e-05, 4.4217388e-05, 4.2908858e-05, 4.1093037e-05, 4.0989275e-05, 3.9623923e-05, 3.8898277e-05, 3.8556056e-05, 3.748764e-05, 3.542117e-05, 3.4876302e-05, 3.434919e-05, 3.3443786e-05, 3.3023087e-05, 3.2632848e-05, 3.2488948e-05, 3.20765e-05, 3.2069525e-05, 3.148478e-05, 3.0421423e-05, 2.9359386e-05, 2.8409913e-05];[0, 0, 0, 0, 0, 0, 0, 0, 0, 0, 0, 0, 0, 0, 0, 0, 0, 0, 0, 1, 0, 0, 1, 1, 1, 1, 0, 1, 0, 0, 1, 1, 0, 1, 1, 1, 1, 1, 1, 1, 0, 1, 1, 1, 1, 0, 1, 1, 1, 1];files/images/Dataset.CaD_0_0_Model_Type.ORIGINAL.png
2024-02-25-15:06:08;100;10;50;0;ORIGINAL_COMPACT;CaD;-0.041039906522940484;0.9416292136481793;0;0;17;0.21313341;0;[17, 29, 10, 23, 33, 8, 22, 37, 5, 35, 32, 42, 21, 0, 39, 15, 43, 4, 30, 55, 25, 11, 96, 87, 58, 99, 24, 68, 9, 41, 82, 63, 38, 92, 64, 70, 61, 94, 51, 81, 6, 50, 91, 60, 73, 40, 56, 59, 75, 88];[0.21313341, 0.1943228, 0.1602771, 0.14192785, 0.10451574, 0.05867402, 0.04310236, 0.040778637, 0.039274108, 0.0006772212, 0.00035371006, 0.0002793247, 0.00024913804, 0.00021151935, 0.00011073656, 0.00010611838, 9.0342066e-05, 8.407202e-05, 7.820852e-05, 7.317582e-05, 7.224787e-05, 6.6976965e-05, 5.990776e-05, 5.8319878e-05, 5.4726872e-05, 5.446196e-05, 4.867481e-05, 4.4404464e-05, 4.4365563e-05, 4.4217388e-05, 4.2908858e-05, 4.1093037e-05, 4.0989275e-05, 3.9623923e-05, 3.8898277e-05, 3.8556056e-05, 3.748764e-05, 3.542117e-05, 3.4876302e-05, 3.434919e-05, 3.3443786e-05, 3.3023087e-05, 3.2632848e-05, 3.2488948e-05, 3.20765e-05, 3.2069525e-05, 3.148478e-05, 3.0421423e-05, 2.9359386e-05, 2.8409913e-05];[0, 0, 0, 0, 0, 0, 0, 0, 0, 0, 0, 0, 0, 0, 0, 0, 0, 0, 0, 1, 0, 0, 1, 1, 1, 1, 0, 1, 0, 0, 1, 1, 0, 1, 1, 1, 1, 1, 1, 1, 0, 1, 1, 1, 1, 0, 1, 1, 1, 1];files/images/Dataset.CaD_0_0_Model_Type.ORIGINAL_COMPACT.png
2024-02-25-15:07:23;100;10;50;0;REIMPLEMENTED;CaD;-0.04161460682729973;0.9415503159681328;0;0;17;0.21251367;0;[17, 29, 10, 23, 33, 8, 22, 37, 5, 35, 32, 42, 21, 0, 39, 15, 43, 4, 30, 55, 25, 11, 96, 87, 58, 99, 24, 68, 9, 41, 82, 63, 38, 92, 64, 70, 61, 94, 51, 81, 6, 50, 91, 60, 73, 40, 56, 59, 54, 75];[0.21251367, 0.19412877, 0.15983337, 0.14152636, 0.10452242, 0.059319697, 0.042649616, 0.040848624, 0.039329767, 0.0008025258, 0.00041660306, 0.00032781152, 0.00029625685, 0.00025120028, 0.00012901127, 0.00012550915, 0.00010705223, 9.9616016e-05, 9.236975e-05, 8.609816e-05, 8.58451e-05, 7.9243466e-05, 7.166333e-05, 6.841091e-05, 6.5392356e-05, 6.521592e-05, 5.756899e-05, 5.3046926e-05, 5.257968e-05, 5.2414962e-05, 5.0984578e-05, 4.9108836e-05, 4.855573e-05, 4.7479134e-05, 4.612266e-05, 4.6016426e-05, 4.465964e-05, 4.238379e-05, 4.1678126e-05, 4.093086e-05, 3.9825947e-05, 3.94429e-05, 3.8950304e-05, 3.868366e-05, 3.8163438e-05, 3.8026545e-05, 3.7511516e-05, 3.7474078e-05, 3.511783e-05, 3.496014e-05];[0, 0, 0, 0, 0, 0, 0, 0, 0, 0, 0, 0, 0, 0, 0, 0, 0, 0, 0, 1, 0, 0, 1, 1, 1, 1, 0, 1, 0, 0, 1, 1, 0, 1, 1, 1, 1, 1, 1, 1, 0, 1, 1, 1, 1, 0, 1, 1, 1, 1];files/images/Dataset.CaD_0_0_Model_Type.REIMPLEMENTED.png
2024-02-25-15:08:52;100;10;50;1;ORIGINAL;CaD;0.7910690940510846;0.9824797401006741;0;0;7;0.23926145;0;[7, 38, 18, 46, 28, 37, 35, 33, 86, 0, 39, 25, 4, 84, 24, 9, 26, 40, 1, 79, 43, 36, 11, 15, 98, 41, 10, 74, 32, 58, 67, 5, 77, 70, 55, 34, 61, 29, 75, 50, 21, 17, 49, 94, 88, 99, 69, 97, 27, 80];[0.23926145, 0.19361076, 0.15681799, 0.11885811, 0.0842028, 0.04533317, 0.04007003, 0.03449068, 0.020020906, 0.018782321, 0.017599203, 0.014315274, 0.011597067, 0.00071561045, 0.00043977523, 0.00035328473, 0.00035022484, 0.0003309981, 0.00028384224, 0.00028361197, 0.0002716831, 0.00024556078, 0.00018416003, 0.00015482766, 8.133216e-05, 7.63645e-05, 6.904533e-05, 5.475375e-05, 5.399012e-05, 4.3437754e-05, 4.2863165e-05, 3.9301507e-05, 3.9271607e-05, 3.5664605e-05, 3.56405e-05, 3.544198e-05, 3.4510696e-05, 3.439137e-05, 3.4112996e-05, 3.34382e-05, 3.2584518e-05, 3.124962e-05, 3.108089e-05, 2.9770319e-05, 2.8793082e-05, 2.833712e-05, 2.8016171e-05, 2.7787863e-05, 2.685203e-05, 2.6192534e-05];[0, 0, 0, 0, 0, 0, 0, 0, 1, 0, 0, 0, 0, 1, 0, 0, 0, 0, 0, 1, 0, 0, 0, 0, 1, 0, 0, 1, 0, 1, 1, 0, 1, 1, 1, 0, 1, 0, 1, 1, 0, 0, 0, 1, 1, 1, 1, 1, 0, 1];files/images/Dataset.CaD_1_0_Model_Type.ORIGINAL.png
2024-02-25-15:10:24;100;10;50;1;ORIGINAL_COMPACT;CaD;0.7910690940510846;0.9824797401006741;0;0;7;0.23926145;0;[7, 38, 18, 46, 28, 37, 35, 33, 86, 0, 39, 25, 4, 84, 24, 9, 26, 40, 1, 79, 43, 36, 11, 15, 98, 41, 10, 74, 32, 58, 67, 5, 77, 70, 55, 34, 61, 29, 75, 50, 21, 17, 49, 94, 88, 99, 69, 97, 27, 80];[0.23926145, 0.19361076, 0.15681799, 0.11885811, 0.0842028, 0.04533317, 0.04007003, 0.03449068, 0.020020906, 0.018782321, 0.017599203, 0.014315274, 0.011597067, 0.00071561045, 0.00043977523, 0.00035328473, 0.00035022484, 0.0003309981, 0.00028384224, 0.00028361197, 0.0002716831, 0.00024556078, 0.00018416003, 0.00015482766, 8.133216e-05, 7.63645e-05, 6.904533e-05, 5.475375e-05, 5.399012e-05, 4.3437754e-05, 4.2863165e-05, 3.9301507e-05, 3.9271607e-05, 3.5664605e-05, 3.56405e-05, 3.544198e-05, 3.4510696e-05, 3.439137e-05, 3.4112996e-05, 3.34382e-05, 3.2584518e-05, 3.124962e-05, 3.108089e-05, 2.9770319e-05, 2.8793082e-05, 2.833712e-05, 2.8016171e-05, 2.7787863e-05, 2.685203e-05, 2.6192534e-05];[0, 0, 0, 0, 0, 0, 0, 0, 1, 0, 0, 0, 0, 1, 0, 0, 0, 0, 0, 1, 0, 0, 0, 0, 1, 0, 0, 1, 0, 1, 1, 0, 1, 1, 1, 0, 1, 0, 1, 1, 0, 0, 0, 1, 1, 1, 1, 1, 0, 1];files/images/Dataset.CaD_1_0_Model_Type.ORIGINAL_COMPACT.png
2024-02-25-15:11:53;100;10;50;1;REIMPLEMENTED;CaD;0.7913533005913016;0.9822117610238905;0;0;7;0.23818368;0;[7, 38, 18, 46, 28, 37, 35, 33, 86, 0, 39, 25, 4, 84, 24, 9, 26, 40, 1, 79, 43, 36, 11, 15, 98, 41, 10, 74, 32, 58, 67, 5, 77, 55, 70, 48, 34, 61, 75, 29, 50, 21, 17, 49, 96, 94, 56, 88, 99, 62];[0.23818368, 0.19237779, 0.15487272, 0.11890464, 0.08449774, 0.044998057, 0.039715435, 0.034949534, 0.01993851, 0.019788763, 0.017558476, 0.014444241, 0.012580776, 0.000884604, 0.00055965106, 0.000460246, 0.00044567577, 0.0004213871, 0.00036532013, 0.00036035763, 0.00034750634, 0.0003122489, 0.0002359143, 0.00019740047, 0.00010401559, 9.859279e-05, 8.8964625e-05, 7.027484e-05, 6.975934e-05, 5.771055e-05, 5.6861907e-05, 5.171552e-05, 5.054442e-05, 4.6837336e-05, 4.680264e-05, 4.6646815e-05, 4.5716846e-05, 4.5239896e-05, 4.4903034e-05, 4.4352902e-05, 4.3883192e-05, 4.2134812e-05, 4.0591203e-05, 4.0272553e-05, 3.9930845e-05, 3.911477e-05, 3.9049286e-05, 3.7667243e-05, 3.7108777e-05, 3.707312e-05];[0, 0, 0, 0, 0, 0, 0, 0, 1, 0, 0, 0, 0, 1, 0, 0, 0, 0, 0, 1, 0, 0, 0, 0, 1, 0, 0, 1, 0, 1, 1, 0, 1, 1, 1, 0, 0, 1, 1, 0, 1, 0, 0, 0, 1, 1, 1, 1, 1, 1];files/images/Dataset.CaD_1_0_Model_Type.REIMPLEMENTED.png
2024-02-25-15:13:24;100;10;100;0;ORIGINAL;CaD;-0.04352319349655631;0.9415079858751602;0;0;17;0.21251367;0;[17, 29, 10, 23, 33, 8, 22, 37, 5, 35, 32, 42, 21, 0, 39, 15, 43, 4, 30, 55, 25, 11, 96, 87, 58, 99, 24, 68, 9, 41, 82, 63, 38, 92, 64, 70, 61, 94, 51, 81, 6, 50, 91, 60, 73, 40, 56, 59, 54, 75, 88, 97, 89, 57, 76, 69, 65, 14, 93, 46, 78, 28, 74, 85, 53, 44, 45, 84, 72, 36, 31, 83, 77, 7, 67, 90, 80, 48, 95, 34, 20, 16, 71, 1, 3, 2, 66, 52, 19, 13, 79, 18, 86, 12, 47, 98, 27, 26, 49, 62];[0.21251367, 0.19412877, 0.15983337, 0.14152636, 0.10452242, 0.059319697, 0.042649616, 0.040848624, 0.039329767, 0.0008025258, 0.00041660306, 0.00032781152, 0.00029625685, 0.00025120028, 0.00012901127, 0.00012550915, 0.00010705223, 9.9616016e-05, 9.236975e-05, 8.609816e-05, 8.58451e-05, 7.9243466e-05, 7.166333e-05, 6.841091e-05, 6.5392356e-05, 6.521592e-05, 5.756899e-05, 5.3046926e-05, 5.257968e-05, 5.2414962e-05, 5.0984578e-05, 4.9108836e-05, 4.855573e-05, 4.7479134e-05, 4.612266e-05, 4.6016426e-05, 4.465964e-05, 4.238379e-05, 4.1678126e-05, 4.093086e-05, 3.9825947e-05, 3.94429e-05, 3.8950304e-05, 3.868366e-05, 3.8163438e-05, 3.8026545e-05, 3.7511516e-05, 3.7474078e-05, 3.511783e-05, 3.496014e-05, 3.390638e-05, 3.320013e-05, 3.240885e-05, 3.2380893e-05, 3.1533233e-05, 3.148425e-05, 3.1143874e-05, 3.0752337e-05, 3.0725896e-05, 2.9412338e-05, 2.8945879e-05, 2.8925375e-05, 2.8520875e-05, 2.6751803e-05, 2.5602643e-05, 2.5580679e-05, 2.428832e-05, 2.4128582e-05, 2.3810366e-05, 2.356196e-05, 2.354044e-05, 2.2988088e-05, 2.2350241e-05, 2.2340011e-05, 2.1460568e-05, 2.0933028e-05, 2.0561829e-05, 1.9960897e-05, 1.9902369e-05, 1.983934e-05, 1.9441315e-05, 1.9387122e-05, 1.9116846e-05, 1.8757606e-05, 1.7272261e-05, 1.6858656e-05, 1.6856984e-05, 1.6622584e-05, 1.6546508e-05, 1.6179649e-05, 1.5961468e-05, 1.5802088e-05, 1.5524198e-05, 1.4921547e-05, 1.4353182e-05, 1.4256691e-05, 1.2693739e-05, 1.1964523e-05, 1.1817736e-05, 1.0986783e-05];[0, 0, 0, 0, 0, 0, 0, 0, 0, 0, 0, 0, 0, 0, 0, 0, 0, 0, 0, 1, 0, 0, 1, 1, 1, 1, 0, 1, 0, 0, 1, 1, 0, 1, 1, 1, 1, 1, 1, 1, 0, 1, 1, 1, 1, 0, 1, 1, 1, 1, 1, 1, 1, 1, 1, 1, 1, 0, 1, 0, 1, 0, 1, 1, 1, 0, 0, 1, 1, 0, 0, 1, 1, 0, 1, 1, 1, 0, 1, 0, 0, 0, 1, 0, 0, 0, 1, 1, 0, 0, 1, 0, 1, 0, 0, 1, 0, 0, 0, 1];files/images/Dataset.CaD_0_0_Model_Type.ORIGINAL.png
2024-02-25-15:14:50;100;10;100;0;ORIGINAL_COMPACT;CaD;-0.04352319349655631;0.9415079858751602;0;0;17;0.21251367;0;[17, 29, 10, 23, 33, 8, 22, 37, 5, 35, 32, 42, 21, 0, 39, 15, 43, 4, 30, 55, 25, 11, 96, 87, 58, 99, 24, 68, 9, 41, 82, 63, 38, 92, 64, 70, 61, 94, 51, 81, 6, 50, 91, 60, 73, 40, 56, 59, 54, 75, 88, 97, 89, 57, 76, 69, 65, 14, 93, 46, 78, 28, 74, 85, 53, 44, 45, 84, 72, 36, 31, 83, 77, 7, 67, 90, 80, 48, 95, 34, 20, 16, 71, 1, 3, 2, 66, 52, 19, 13, 79, 18, 86, 12, 47, 98, 27, 26, 49, 62];[0.21251367, 0.19412877, 0.15983337, 0.14152636, 0.10452242, 0.059319697, 0.042649616, 0.040848624, 0.039329767, 0.0008025258, 0.00041660306, 0.00032781152, 0.00029625685, 0.00025120028, 0.00012901127, 0.00012550915, 0.00010705223, 9.9616016e-05, 9.236975e-05, 8.609816e-05, 8.58451e-05, 7.9243466e-05, 7.166333e-05, 6.841091e-05, 6.5392356e-05, 6.521592e-05, 5.756899e-05, 5.3046926e-05, 5.257968e-05, 5.2414962e-05, 5.0984578e-05, 4.9108836e-05, 4.855573e-05, 4.7479134e-05, 4.612266e-05, 4.6016426e-05, 4.465964e-05, 4.238379e-05, 4.1678126e-05, 4.093086e-05, 3.9825947e-05, 3.94429e-05, 3.8950304e-05, 3.868366e-05, 3.8163438e-05, 3.8026545e-05, 3.7511516e-05, 3.7474078e-05, 3.511783e-05, 3.496014e-05, 3.390638e-05, 3.320013e-05, 3.240885e-05, 3.2380893e-05, 3.1533233e-05, 3.148425e-05, 3.1143874e-05, 3.0752337e-05, 3.0725896e-05, 2.9412338e-05, 2.8945879e-05, 2.8925375e-05, 2.8520875e-05, 2.6751803e-05, 2.5602643e-05, 2.5580679e-05, 2.428832e-05, 2.4128582e-05, 2.3810366e-05, 2.356196e-05, 2.354044e-05, 2.2988088e-05, 2.2350241e-05, 2.2340011e-05, 2.1460568e-05, 2.0933028e-05, 2.0561829e-05, 1.9960897e-05, 1.9902369e-05, 1.983934e-05, 1.9441315e-05, 1.9387122e-05, 1.9116846e-05, 1.8757606e-05, 1.7272261e-05, 1.6858656e-05, 1.6856984e-05, 1.6622584e-05, 1.6546508e-05, 1.6179649e-05, 1.5961468e-05, 1.5802088e-05, 1.5524198e-05, 1.4921547e-05, 1.4353182e-05, 1.4256691e-05, 1.2693739e-05, 1.1964523e-05, 1.1817736e-05, 1.0986783e-05];[0, 0, 0, 0, 0, 0, 0, 0, 0, 0, 0, 0, 0, 0, 0, 0, 0, 0, 0, 1, 0, 0, 1, 1, 1, 1, 0, 1, 0, 0, 1, 1, 0, 1, 1, 1, 1, 1, 1, 1, 0, 1, 1, 1, 1, 0, 1, 1, 1, 1, 1, 1, 1, 1, 1, 1, 1, 0, 1, 0, 1, 0, 1, 1, 1, 0, 0, 1, 1, 0, 0, 1, 1, 0, 1, 1, 1, 0, 1, 0, 0, 0, 1, 0, 0, 0, 1, 1, 0, 0, 1, 0, 1, 0, 0, 1, 0, 0, 0, 1];files/images/Dataset.CaD_0_0_Model_Type.ORIGINAL_COMPACT.png
2024-02-25-15:16:15;100;10;100;0;REIMPLEMENTED;CaD;-0.04352319349655631;0.9415079858751602;0;0;17;0.21251367;0;[17, 29, 10, 23, 33, 8, 22, 37, 5, 35, 32, 42, 21, 0, 39, 15, 43, 4, 30, 55, 25, 11, 96, 87, 58, 99, 24, 68, 9, 41, 82, 63, 38, 92, 64, 70, 61, 94, 51, 81, 6, 50, 91, 60, 73, 40, 56, 59, 54, 75, 88, 97, 89, 57, 76, 69, 65, 14, 93, 46, 78, 28, 74, 85, 53, 44, 45, 84, 72, 36, 31, 83, 77, 7, 67, 90, 80, 48, 95, 34, 20, 16, 71, 1, 3, 2, 66, 52, 19, 13, 79, 18, 86, 12, 47, 98, 27, 26, 49, 62];[0.21251367, 0.19412877, 0.15983337, 0.14152636, 0.10452242, 0.059319697, 0.042649616, 0.040848624, 0.039329767, 0.0008025258, 0.00041660306, 0.00032781152, 0.00029625685, 0.00025120028, 0.00012901127, 0.00012550915, 0.00010705223, 9.9616016e-05, 9.236975e-05, 8.609816e-05, 8.58451e-05, 7.9243466e-05, 7.166333e-05, 6.841091e-05, 6.5392356e-05, 6.521592e-05, 5.756899e-05, 5.3046926e-05, 5.257968e-05, 5.2414962e-05, 5.0984578e-05, 4.9108836e-05, 4.855573e-05, 4.7479134e-05, 4.612266e-05, 4.6016426e-05, 4.465964e-05, 4.238379e-05, 4.1678126e-05, 4.093086e-05, 3.9825947e-05, 3.94429e-05, 3.8950304e-05, 3.868366e-05, 3.8163438e-05, 3.8026545e-05, 3.7511516e-05, 3.7474078e-05, 3.511783e-05, 3.496014e-05, 3.390638e-05, 3.320013e-05, 3.240885e-05, 3.2380893e-05, 3.1533233e-05, 3.148425e-05, 3.1143874e-05, 3.0752337e-05, 3.0725896e-05, 2.9412338e-05, 2.8945879e-05, 2.8925375e-05, 2.8520875e-05, 2.6751803e-05, 2.5602643e-05, 2.5580679e-05, 2.428832e-05, 2.4128582e-05, 2.3810366e-05, 2.356196e-05, 2.354044e-05, 2.2988088e-05, 2.2350241e-05, 2.2340011e-05, 2.1460568e-05, 2.0933028e-05, 2.0561829e-05, 1.9960897e-05, 1.9902369e-05, 1.983934e-05, 1.9441315e-05, 1.9387122e-05, 1.9116846e-05, 1.8757606e-05, 1.7272261e-05, 1.6858656e-05, 1.6856984e-05, 1.6622584e-05, 1.6546508e-05, 1.6179649e-05, 1.5961468e-05, 1.5802088e-05, 1.5524198e-05, 1.4921547e-05, 1.4353182e-05, 1.4256691e-05, 1.2693739e-05, 1.1964523e-05, 1.1817736e-05, 1.0986783e-05];[0, 0, 0, 0, 0, 0, 0, 0, 0, 0, 0, 0, 0, 0, 0, 0, 0, 0, 0, 1, 0, 0, 1, 1, 1, 1, 0, 1, 0, 0, 1, 1, 0, 1, 1, 1, 1, 1, 1, 1, 0, 1, 1, 1, 1, 0, 1, 1, 1, 1, 1, 1, 1, 1, 1, 1, 1, 0, 1, 0, 1, 0, 1, 1, 1, 0, 0, 1, 1, 0, 0, 1, 1, 0, 1, 1, 1, 0, 1, 0, 0, 0, 1, 0, 0, 0, 1, 1, 0, 0, 1, 0, 1, 0, 0, 1, 0, 0, 0, 1];files/images/Dataset.CaD_0_0_Model_Type.REIMPLEMENTED.png
2024-02-25-15:17:41;100;10;100;1;ORIGINAL;CaD;0.7911652456480035;0.9822289063442876;0;0;7;0.23818368;0;[7, 38, 18, 46, 28, 37, 35, 33, 86, 0, 39, 25, 4, 84, 24, 9, 26, 40, 1, 79, 43, 36, 11, 15, 98, 41, 10, 74, 32, 58, 67, 5, 77, 55, 70, 48, 34, 61, 75, 29, 50, 21, 17, 49, 96, 94, 56, 88, 99, 62, 69, 78, 91, 51, 53, 97, 73, 95, 27, 80, 64, 81, 85, 89, 63, 87, 31, 45, 76, 16, 93, 83, 54, 52, 14, 82, 30, 92, 60, 22, 19, 68, 12, 66, 65, 90, 13, 20, 59, 2, 72, 47, 44, 57, 8, 71, 23, 42, 3, 6];[0.23818368, 0.19237779, 0.15487272, 0.11890464, 0.08449774, 0.044998057, 0.039715435, 0.034949534, 0.01993851, 0.019788763, 0.017558476, 0.014444241, 0.012580776, 0.000884604, 0.00055965106, 0.000460246, 0.00044567577, 0.0004213871, 0.00036532013, 0.00036035763, 0.00034750634, 0.0003122489, 0.0002359143, 0.00019740047, 0.00010401559, 9.859279e-05, 8.8964625e-05, 7.027484e-05, 6.975934e-05, 5.771055e-05, 5.6861907e-05, 5.171552e-05, 5.054442e-05, 4.6837336e-05, 4.680264e-05, 4.6646815e-05, 4.5716846e-05, 4.5239896e-05, 4.4903034e-05, 4.4352902e-05, 4.3883192e-05, 4.2134812e-05, 4.0591203e-05, 4.0272553e-05, 3.9930845e-05, 3.911477e-05, 3.9049286e-05, 3.7667243e-05, 3.7108777e-05, 3.707312e-05, 3.6786125e-05, 3.672345e-05, 3.6590398e-05, 3.611403e-05, 3.590308e-05, 3.5701254e-05, 3.514561e-05, 3.5002347e-05, 3.468084e-05, 3.3755878e-05, 3.3190794e-05, 3.2199398e-05, 3.160664e-05, 3.145104e-05, 3.0323918e-05, 3.0285251e-05, 2.8481361e-05, 2.8092285e-05, 2.7432186e-05, 2.66198e-05, 2.661937e-05, 2.66181e-05, 2.6402722e-05, 2.624832e-05, 2.6090991e-05, 2.4882238e-05, 2.4731256e-05, 2.4543056e-05, 2.388533e-05, 2.3261066e-05, 2.3100856e-05, 2.2775746e-05, 2.2369224e-05, 1.9795329e-05, 1.9311301e-05, 1.929637e-05, 1.9030085e-05, 1.5684294e-05, 1.5658632e-05, 1.5506475e-05, 1.534094e-05, 1.4240944e-05, 1.4136267e-05, 1.3581148e-05, 1.3562911e-05, 1.3000443e-05, 1.2570287e-05, 1.249001e-05, 1.1907553e-05, 1.075088e-05];[0, 0, 0, 0, 0, 0, 0, 0, 1, 0, 0, 0, 0, 1, 0, 0, 0, 0, 0, 1, 0, 0, 0, 0, 1, 0, 0, 1, 0, 1, 1, 0, 1, 1, 1, 0, 0, 1, 1, 0, 1, 0, 0, 0, 1, 1, 1, 1, 1, 1, 1, 1, 1, 1, 1, 1, 1, 1, 0, 1, 1, 1, 1, 1, 1, 1, 0, 0, 1, 0, 1, 1, 1, 1, 0, 1, 0, 1, 1, 0, 0, 1, 0, 1, 1, 1, 0, 0, 1, 0, 1, 0, 0, 1, 0, 1, 0, 0, 0, 0];files/images/Dataset.CaD_1_0_Model_Type.ORIGINAL.png
2024-02-25-15:19:00;100;10;100;1;ORIGINAL_COMPACT;CaD;0.7911652456480035;0.9822289063442876;0;0;7;0.23818368;0;[7, 38, 18, 46, 28, 37, 35, 33, 86, 0, 39, 25, 4, 84, 24, 9, 26, 40, 1, 79, 43, 36, 11, 15, 98, 41, 10, 74, 32, 58, 67, 5, 77, 55, 70, 48, 34, 61, 75, 29, 50, 21, 17, 49, 96, 94, 56, 88, 99, 62, 69, 78, 91, 51, 53, 97, 73, 95, 27, 80, 64, 81, 85, 89, 63, 87, 31, 45, 76, 16, 93, 83, 54, 52, 14, 82, 30, 92, 60, 22, 19, 68, 12, 66, 65, 90, 13, 20, 59, 2, 72, 47, 44, 57, 8, 71, 23, 42, 3, 6];[0.23818368, 0.19237779, 0.15487272, 0.11890464, 0.08449774, 0.044998057, 0.039715435, 0.034949534, 0.01993851, 0.019788763, 0.017558476, 0.014444241, 0.012580776, 0.000884604, 0.00055965106, 0.000460246, 0.00044567577, 0.0004213871, 0.00036532013, 0.00036035763, 0.00034750634, 0.0003122489, 0.0002359143, 0.00019740047, 0.00010401559, 9.859279e-05, 8.8964625e-05, 7.027484e-05, 6.975934e-05, 5.771055e-05, 5.6861907e-05, 5.171552e-05, 5.054442e-05, 4.6837336e-05, 4.680264e-05, 4.6646815e-05, 4.5716846e-05, 4.5239896e-05, 4.4903034e-05, 4.4352902e-05, 4.3883192e-05, 4.2134812e-05, 4.0591203e-05, 4.0272553e-05, 3.9930845e-05, 3.911477e-05, 3.9049286e-05, 3.7667243e-05, 3.7108777e-05, 3.707312e-05, 3.6786125e-05, 3.672345e-05, 3.6590398e-05, 3.611403e-05, 3.590308e-05, 3.5701254e-05, 3.514561e-05, 3.5002347e-05, 3.468084e-05, 3.3755878e-05, 3.3190794e-05, 3.2199398e-05, 3.160664e-05, 3.145104e-05, 3.0323918e-05, 3.0285251e-05, 2.8481361e-05, 2.8092285e-05, 2.7432186e-05, 2.66198e-05, 2.661937e-05, 2.66181e-05, 2.6402722e-05, 2.624832e-05, 2.6090991e-05, 2.4882238e-05, 2.4731256e-05, 2.4543056e-05, 2.388533e-05, 2.3261066e-05, 2.3100856e-05, 2.2775746e-05, 2.2369224e-05, 1.9795329e-05, 1.9311301e-05, 1.929637e-05, 1.9030085e-05, 1.5684294e-05, 1.5658632e-05, 1.5506475e-05, 1.534094e-05, 1.4240944e-05, 1.4136267e-05, 1.3581148e-05, 1.3562911e-05, 1.3000443e-05, 1.2570287e-05, 1.249001e-05, 1.1907553e-05, 1.075088e-05];[0, 0, 0, 0, 0, 0, 0, 0, 1, 0, 0, 0, 0, 1, 0, 0, 0, 0, 0, 1, 0, 0, 0, 0, 1, 0, 0, 1, 0, 1, 1, 0, 1, 1, 1, 0, 0, 1, 1, 0, 1, 0, 0, 0, 1, 1, 1, 1, 1, 1, 1, 1, 1, 1, 1, 1, 1, 1, 0, 1, 1, 1, 1, 1, 1, 1, 0, 0, 1, 0, 1, 1, 1, 1, 0, 1, 0, 1, 1, 0, 0, 1, 0, 1, 1, 1, 0, 0, 1, 0, 1, 0, 0, 1, 0, 1, 0, 0, 0, 0];files/images/Dataset.CaD_1_0_Model_Type.ORIGINAL_COMPACT.png
2024-02-25-15:20:23;100;10;100;1;REIMPLEMENTED;CaD;0.7911652456480035;0.9822289063442876;0;0;7;0.23818368;0;[7, 38, 18, 46, 28, 37, 35, 33, 86, 0, 39, 25, 4, 84, 24, 9, 26, 40, 1, 79, 43, 36, 11, 15, 98, 41, 10, 74, 32, 58, 67, 5, 77, 55, 70, 48, 34, 61, 75, 29, 50, 21, 17, 49, 96, 94, 56, 88, 99, 62, 69, 78, 91, 51, 53, 97, 73, 95, 27, 80, 64, 81, 85, 89, 63, 87, 31, 45, 76, 16, 93, 83, 54, 52, 14, 82, 30, 92, 60, 22, 19, 68, 12, 66, 65, 90, 13, 20, 59, 2, 72, 47, 44, 57, 8, 71, 23, 42, 3, 6];[0.23818368, 0.19237779, 0.15487272, 0.11890464, 0.08449774, 0.044998057, 0.039715435, 0.034949534, 0.01993851, 0.019788763, 0.017558476, 0.014444241, 0.012580776, 0.000884604, 0.00055965106, 0.000460246, 0.00044567577, 0.0004213871, 0.00036532013, 0.00036035763, 0.00034750634, 0.0003122489, 0.0002359143, 0.00019740047, 0.00010401559, 9.859279e-05, 8.8964625e-05, 7.027484e-05, 6.975934e-05, 5.771055e-05, 5.6861907e-05, 5.171552e-05, 5.054442e-05, 4.6837336e-05, 4.680264e-05, 4.6646815e-05, 4.5716846e-05, 4.5239896e-05, 4.4903034e-05, 4.4352902e-05, 4.3883192e-05, 4.2134812e-05, 4.0591203e-05, 4.0272553e-05, 3.9930845e-05, 3.911477e-05, 3.9049286e-05, 3.7667243e-05, 3.7108777e-05, 3.707312e-05, 3.6786125e-05, 3.672345e-05, 3.6590398e-05, 3.611403e-05, 3.590308e-05, 3.5701254e-05, 3.514561e-05, 3.5002347e-05, 3.468084e-05, 3.3755878e-05, 3.3190794e-05, 3.2199398e-05, 3.160664e-05, 3.145104e-05, 3.0323918e-05, 3.0285251e-05, 2.8481361e-05, 2.8092285e-05, 2.7432186e-05, 2.66198e-05, 2.661937e-05, 2.66181e-05, 2.6402722e-05, 2.624832e-05, 2.6090991e-05, 2.4882238e-05, 2.4731256e-05, 2.4543056e-05, 2.388533e-05, 2.3261066e-05, 2.3100856e-05, 2.2775746e-05, 2.2369224e-05, 1.9795329e-05, 1.9311301e-05, 1.929637e-05, 1.9030085e-05, 1.5684294e-05, 1.5658632e-05, 1.5506475e-05, 1.534094e-05, 1.4240944e-05, 1.4136267e-05, 1.3581148e-05, 1.3562911e-05, 1.3000443e-05, 1.2570287e-05, 1.249001e-05, 1.1907553e-05, 1.075088e-05];[0, 0, 0, 0, 0, 0, 0, 0, 1, 0, 0, 0, 0, 1, 0, 0, 0, 0, 0, 1, 0, 0, 0, 0, 1, 0, 0, 1, 0, 1, 1, 0, 1, 1, 1, 0, 0, 1, 1, 0, 1, 0, 0, 0, 1, 1, 1, 1, 1, 1, 1, 1, 1, 1, 1, 1, 1, 1, 0, 1, 1, 1, 1, 1, 1, 1, 0, 0, 1, 0, 1, 1, 1, 1, 0, 1, 0, 1, 1, 0, 0, 1, 0, 1, 1, 1, 0, 0, 1, 0, 1, 0, 0, 1, 0, 1, 0, 0, 0, 0];files/images/Dataset.CaD_1_0_Model_Type.REIMPLEMENTED.png
